Bacteria,Yeast,Class,Replication,DAI,distance_to_yeast,colony_diameter,colony_diameter_control,increase
B52,EMM_F3,Dothideomycetes,1,2,0,6.21,6.34,0
B52,EMM_F3,Dothideomycetes,1,2,11.38,5.75,5.63,0
B52,EMM_F3,Dothideomycetes,1,2,17.4,5.75,5.67,0
B52,EMM_F3,Dothideomycetes,1,2,24.86,6.15,8.45,0
B52,EMM_F3,Dothideomycetes,1,2,31.78,5.39,7.26,0
B52,EMM_F3,Dothideomycetes,1,2,40.63,6.14,6.88,0
B52,EMM_F3,Dothideomycetes,1,2,47.75,6.39,7.6,0
B52,EMM_F3,Dothideomycetes,1,2,54.73,6.39,6.69,0
B52,EMM_F3,Dothideomycetes,2,2,0,6.33,7.01,0
B52,EMM_F3,Dothideomycetes,2,2,11.38,6.33,7.02,0
B52,EMM_F3,Dothideomycetes,2,2,17.4,6,7.26,0
B52,EMM_F3,Dothideomycetes,2,2,24.86,7.4,7.25,0
B52,EMM_F3,Dothideomycetes,2,2,31.78,5.17,7.44,0
B52,EMM_F3,Dothideomycetes,2,2,40.63,5.85,7.04,0
B52,EMM_F3,Dothideomycetes,2,2,47.75,6.26,7.04,0
B52,EMM_F3,Dothideomycetes,2,2,54.73,7.1,6.47,0
B52,EMM_F3,Dothideomycetes,2,2,0,7.3,6.4,0
B52,EMM_F3,Dothideomycetes,3,2,11.38,6.1,6.21,0
B52,EMM_F3,Dothideomycetes,3,2,17.4,6.78,5.71,0
B52,EMM_F3,Dothideomycetes,3,2,24.86,6.78,6.41,0
B52,EMM_F3,Dothideomycetes,3,2,31.78,6.16,6.2,0
B52,EMM_F3,Dothideomycetes,3,2,40.63,6.16,6.7,0
B52,EMM_F3,Dothideomycetes,3,2,47.75,5.44,6.22,0
B52,EMM_F3,Dothideomycetes,3,2,54.73,6.54,7.02,0
B52,EMM_F34,Dothideomycetes,1,2,0,5.98,6.34,0
B52,EMM_F34,Dothideomycetes,1,2,11.38,5.98,5.63,0
B52,EMM_F34,Dothideomycetes,1,2,17.4,5.69,5.67,0
B52,EMM_F34,Dothideomycetes,1,2,24.86,6.13,8.45,0
B52,EMM_F34,Dothideomycetes,1,2,31.78,6.44,7.26,0
B52,EMM_F34,Dothideomycetes,1,2,40.63,5.81,6.88,0
B52,EMM_F34,Dothideomycetes,1,2,47.75,6.08,7.6,0
B52,EMM_F34,Dothideomycetes,1,2,54.73,6.45,6.69,0
B52,EMM_F34,Dothideomycetes,2,2,0,6.69,7.01,0
B52,EMM_F34,Dothideomycetes,2,2,11.38,5.74,7.02,0
B52,EMM_F34,Dothideomycetes,2,2,17.4,5.74,7.26,0
B52,EMM_F34,Dothideomycetes,2,2,24.86,6.63,7.25,0
B52,EMM_F34,Dothideomycetes,2,2,31.78,5.8,7.44,0
B52,EMM_F34,Dothideomycetes,2,2,40.63,6.96,7.04,0
B52,EMM_F34,Dothideomycetes,2,2,47.75,6.44,7.04,0
B52,EMM_F34,Dothideomycetes,2,2,54.73,6.41,6.47,0
B52,EMM_F34,Dothideomycetes,3,2,0,7.12,6.4,0
B52,EMM_F34,Dothideomycetes,3,2,11.38,6.51,6.21,0
B52,EMM_F34,Dothideomycetes,3,2,17.4,6.16,5.71,0
B52,EMM_F34,Dothideomycetes,3,2,24.86,5.98,6.41,0
B52,EMM_F34,Dothideomycetes,3,2,31.78,5.98,6.2,0
B52,EMM_F34,Dothideomycetes,3,2,40.63,5.98,6.7,0
B52,EMM_F34,Dothideomycetes,3,2,47.75,5.98,6.22,0
B52,EMM_F34,Dothideomycetes,3,2,54.73,5.98,7.02,0
B52,EMM_F66,Cystobasidiomycetes,1,2,0,6.87,6.34,0
B52,EMM_F66,Cystobasidiomycetes,1,2,11.38,6.82,5.63,0
B52,EMM_F66,Cystobasidiomycetes,1,2,17.4,7.82,5.67,0
B52,EMM_F66,Cystobasidiomycetes,1,2,24.86,7.55,8.45,0
B52,EMM_F66,Cystobasidiomycetes,1,2,31.78,7.77,7.26,0
B52,EMM_F66,Cystobasidiomycetes,1,2,40.63,8.02,6.88,0
B52,EMM_F66,Cystobasidiomycetes,1,2,47.75,7.92,7.6,0
B52,EMM_F66,Cystobasidiomycetes,1,2,54.73,8.27,6.69,0
B52,EMM_F66,Cystobasidiomycetes,2,2,0,6.25,7.01,0
B52,EMM_F66,Cystobasidiomycetes,2,2,11.38,7.01,7.02,0
B52,EMM_F66,Cystobasidiomycetes,2,2,17.4,6.4,7.26,0
B52,EMM_F66,Cystobasidiomycetes,2,2,24.86,5.82,7.25,0
B52,EMM_F66,Cystobasidiomycetes,2,2,31.78,6.18,7.44,0
B52,EMM_F66,Cystobasidiomycetes,2,2,40.63,6.52,7.04,0
B52,EMM_F66,Cystobasidiomycetes,2,2,47.75,6.51,7.04,0
B52,EMM_F66,Cystobasidiomycetes,2,2,54.73,6.66,6.47,0
B52,EMM_F66,Cystobasidiomycetes,3,2,0,6.25,6.4,0
B52,EMM_F66,Cystobasidiomycetes,3,2,11.38,6.53,6.21,0
B52,EMM_F66,Cystobasidiomycetes,3,2,17.4,5.7,5.71,0
B52,EMM_F66,Cystobasidiomycetes,3,2,24.86,8.41,6.41,0
B52,EMM_F66,Cystobasidiomycetes,3,2,31.78,7.21,6.2,0
B52,EMM_F66,Cystobasidiomycetes,3,2,40.63,7.22,6.7,0
B52,EMM_F66,Cystobasidiomycetes,3,2,47.75,6.67,6.22,0
B52,EMM_F66,Cystobasidiomycetes,3,2,54.73,6.29,7.02,0
B52,F7,Tremellomycetes,1,2,0,5.61,6.34,0
B52,F7,Tremellomycetes,1,2,11.38,6.82,5.63,0
B52,F7,Tremellomycetes,1,2,17.4,6.11,5.67,0
B52,F7,Tremellomycetes,1,2,24.86,6.84,8.45,0
B52,F7,Tremellomycetes,1,2,31.78,6.15,7.26,0
B52,F7,Tremellomycetes,1,2,40.63,6.15,6.88,0
B52,F7,Tremellomycetes,1,2,47.75,6.47,7.6,0
B52,F7,Tremellomycetes,1,2,54.73,6.51,6.69,0
B52,F7,Tremellomycetes,2,2,0,5.7,7.01,0
B52,F7,Tremellomycetes,2,2,11.38,5.7,7.02,0
B52,F7,Tremellomycetes,2,2,17.4,5.7,7.26,0
B52,F7,Tremellomycetes,2,2,24.86,5.88,7.25,0
B52,F7,Tremellomycetes,2,2,31.78,5.41,7.44,0
B52,F7,Tremellomycetes,2,2,40.63,6.25,7.04,0
B52,F7,Tremellomycetes,2,2,47.75,5.33,7.04,0
B52,F7,Tremellomycetes,2,2,54.73,6.24,6.47,0
B52,F7,Tremellomycetes,3,2,0,5.9,6.4,0
B52,F7,Tremellomycetes,3,2,11.38,5.74,6.21,0
B52,F7,Tremellomycetes,3,2,17.4,5.77,5.71,0
B52,F7,Tremellomycetes,3,2,24.86,6.09,6.41,0
B52,F7,Tremellomycetes,3,2,31.78,6.92,6.2,0
B52,F7,Tremellomycetes,3,2,40.63,7,6.7,0
B52,F7,Tremellomycetes,3,2,47.75,5.75,6.22,0
B52,F7,Tremellomycetes,3,2,54.73,6.4,7.02,0
B52,ZAN_F3,Tremellomycetes,1,2,0,6.2,6.34,0
B52,ZAN_F3,Tremellomycetes,1,2,11.38,6.7,5.63,0
B52,ZAN_F3,Tremellomycetes,1,2,17.4,4.3,5.67,0
B52,ZAN_F3,Tremellomycetes,1,2,24.86,7.5,8.45,0
B52,ZAN_F3,Tremellomycetes,1,2,31.78,5.45,7.26,0
B52,ZAN_F3,Tremellomycetes,1,2,40.63,5.16,6.88,0
B52,ZAN_F3,Tremellomycetes,1,2,47.75,5.65,7.6,0
B52,ZAN_F3,Tremellomycetes,1,2,54.73,4.54,6.69,0
B52,ZAN_F3,Tremellomycetes,2,2,0,5.88,7.01,0
B52,ZAN_F3,Tremellomycetes,2,2,11.38,5.85,7.02,0
B52,ZAN_F3,Tremellomycetes,2,2,17.4,6.15,7.26,0
B52,ZAN_F3,Tremellomycetes,2,2,24.86,5.95,7.25,0
B52,ZAN_F3,Tremellomycetes,2,2,31.78,5.69,7.44,0
B52,ZAN_F3,Tremellomycetes,2,2,40.63,6.79,7.04,0
B52,ZAN_F3,Tremellomycetes,2,2,47.75,6.51,7.04,0
B52,ZAN_F3,Tremellomycetes,2,2,54.73,6.7,6.47,0
B52,ZAN_F3,Tremellomycetes,3,2,0,6.94,6.4,0
B52,ZAN_F3,Tremellomycetes,3,2,11.38,7.15,6.21,0
B52,ZAN_F3,Tremellomycetes,3,2,17.4,6.3,5.71,0
B52,ZAN_F3,Tremellomycetes,3,2,24.86,5.9,6.41,0
B52,ZAN_F3,Tremellomycetes,3,2,31.78,5.9,6.2,0
B52,ZAN_F3,Tremellomycetes,3,2,40.63,6.62,6.7,0
B52,ZAN_F3,Tremellomycetes,3,2,47.75,6.68,6.22,0
B52,ZAN_F3,Tremellomycetes,3,2,54.73,6.68,7.02,0
B52,EMM_F48,Tremellomycetes,1,2,0,5.83,6.34,0
B52,EMM_F48,Tremellomycetes,1,2,11.38,6.07,5.63,0
B52,EMM_F48,Tremellomycetes,1,2,17.4,6.21,5.67,0
B52,EMM_F48,Tremellomycetes,1,2,24.86,6.21,8.45,0
B52,EMM_F48,Tremellomycetes,1,2,31.78,5.79,7.26,0
B52,EMM_F48,Tremellomycetes,1,2,40.63,5.14,6.88,0
B52,EMM_F48,Tremellomycetes,1,2,47.75,5.93,7.6,0
B52,EMM_F48,Tremellomycetes,1,2,54.73,5.77,6.69,0
B52,EMM_F48,Tremellomycetes,2,2,0,6.87,7.01,0
B52,EMM_F48,Tremellomycetes,2,2,11.38,7.72,7.02,0
B52,EMM_F48,Tremellomycetes,2,2,17.4,10,7.26,0
B52,EMM_F48,Tremellomycetes,2,2,24.86,8,7.25,0
B52,EMM_F48,Tremellomycetes,2,2,31.78,8.7,7.44,0
B52,EMM_F48,Tremellomycetes,2,2,40.63,7.23,7.04,0
B52,EMM_F48,Tremellomycetes,2,2,47.75,8.05,7.04,0
B52,EMM_F48,Tremellomycetes,2,2,54.73,7.06,6.47,0
B52,EMM_F48,Tremellomycetes,3,2,0,5.98,6.4,0
B52,EMM_F48,Tremellomycetes,3,2,11.38,6.53,6.21,0
B52,EMM_F48,Tremellomycetes,3,2,17.4,5.51,5.71,0
B52,EMM_F48,Tremellomycetes,3,2,24.86,5.63,6.41,0
B52,EMM_F48,Tremellomycetes,3,2,31.78,7.15,6.2,0
B52,EMM_F48,Tremellomycetes,3,2,40.63,6.59,6.7,0
B52,EMM_F48,Tremellomycetes,3,2,47.75,5.93,6.22,0
B52,EMM_F48,Tremellomycetes,3,2,54.73,5.47,7.02,0
B52,EMM_F63,Tremellomycetes,1,2,0,7.96,6.34,0
B52,EMM_F63,Tremellomycetes,1,2,11.38,7.3,5.63,0
B52,EMM_F63,Tremellomycetes,1,2,17.4,8.3,5.67,0
B52,EMM_F63,Tremellomycetes,1,2,24.86,7.66,8.45,0
B52,EMM_F63,Tremellomycetes,1,2,31.78,7.18,7.26,0
B52,EMM_F63,Tremellomycetes,1,2,40.63,7.66,6.88,0
B52,EMM_F63,Tremellomycetes,1,2,47.75,6.97,7.6,0
B52,EMM_F63,Tremellomycetes,1,2,54.73,6.81,6.69,0
B52,EMM_F63,Tremellomycetes,2,2,0,6.74,7.01,0
B52,EMM_F63,Tremellomycetes,2,2,11.38,6.91,7.02,0
B52,EMM_F63,Tremellomycetes,2,2,17.4,7.04,7.26,0
B52,EMM_F63,Tremellomycetes,2,2,24.86,6.6,7.25,0
B52,EMM_F63,Tremellomycetes,2,2,31.78,7.11,7.44,0
B52,EMM_F63,Tremellomycetes,2,2,40.63,5.89,7.04,0
B52,EMM_F63,Tremellomycetes,2,2,47.75,6.61,7.04,0
B52,EMM_F63,Tremellomycetes,2,2,54.73,5.44,6.47,0
B52,EMM_F63,Tremellomycetes,3,2,0,6.5,6.4,0
B52,EMM_F63,Tremellomycetes,3,2,11.38,5.16,6.21,0
B52,EMM_F63,Tremellomycetes,3,2,17.4,6.3,5.71,0
B52,EMM_F63,Tremellomycetes,3,2,24.86,6.31,6.41,0
B52,EMM_F63,Tremellomycetes,3,2,31.78,6.58,6.2,0
B52,EMM_F63,Tremellomycetes,3,2,40.63,6.07,6.7,0
B52,EMM_F63,Tremellomycetes,3,2,47.75,6.32,6.22,0
B52,EMM_F63,Tremellomycetes,3,2,54.73,7.35,7.02,0
B52,EMM_F64,Tremellomycetes,1,2,0,5.9,6.34,0
B52,EMM_F64,Tremellomycetes,1,2,11.38,6.22,5.63,0
B52,EMM_F64,Tremellomycetes,1,2,17.4,6.64,5.67,0
B52,EMM_F64,Tremellomycetes,1,2,24.86,6.1,8.45,0
B52,EMM_F64,Tremellomycetes,1,2,31.78,6.77,7.26,0
B52,EMM_F64,Tremellomycetes,1,2,40.63,6.31,6.88,0
B52,EMM_F64,Tremellomycetes,1,2,47.75,5.93,7.6,0
B52,EMM_F64,Tremellomycetes,1,2,54.73,5.5,6.69,0
B52,EMM_F64,Tremellomycetes,2,2,0,5.69,7.01,0
B52,EMM_F64,Tremellomycetes,2,2,11.38,5.69,7.02,0
B52,EMM_F64,Tremellomycetes,2,2,17.4,5.69,7.26,0
B52,EMM_F64,Tremellomycetes,2,2,24.86,6.68,7.25,0
B52,EMM_F64,Tremellomycetes,2,2,31.78,6.68,7.44,0
B52,EMM_F64,Tremellomycetes,2,2,40.63,6.2,7.04,0
B52,EMM_F64,Tremellomycetes,2,2,47.75,6.19,7.04,0
B52,EMM_F64,Tremellomycetes,2,2,54.73,7.05,6.47,0
B52,EMM_F64,Tremellomycetes,3,2,0,6.43,6.4,0
B52,EMM_F64,Tremellomycetes,3,2,11.38,6.43,6.21,0
B52,EMM_F64,Tremellomycetes,3,2,17.4,7.05,5.71,0
B52,EMM_F64,Tremellomycetes,3,2,24.86,8.5,6.41,0
B52,EMM_F64,Tremellomycetes,3,2,31.78,6.98,6.2,0
B52,EMM_F64,Tremellomycetes,3,2,40.63,6.98,6.7,0
B52,EMM_F64,Tremellomycetes,3,2,47.75,6.98,6.22,0
B52,EMM_F64,Tremellomycetes,3,2,54.73,6.5,7.02,0
B52,EMM_F89,Tremellomycetes,1,2,0,5.2,6.34,0
B52,EMM_F89,Tremellomycetes,1,2,11.38,5.6,5.63,0
B52,EMM_F89,Tremellomycetes,1,2,17.4,7.7,5.67,0
B52,EMM_F89,Tremellomycetes,1,2,24.86,6.47,8.45,0
B52,EMM_F89,Tremellomycetes,1,2,31.78,6.47,7.26,0
B52,EMM_F89,Tremellomycetes,1,2,40.63,6.87,6.88,0
B52,EMM_F89,Tremellomycetes,1,2,47.75,6.85,7.6,0
B52,EMM_F89,Tremellomycetes,1,2,54.73,7.67,6.69,0
B52,EMM_F89,Tremellomycetes,2,2,0,6.55,7.01,0
B52,EMM_F89,Tremellomycetes,2,2,11.38,6.22,7.02,0
B52,EMM_F89,Tremellomycetes,2,2,17.4,6.37,7.26,0
B52,EMM_F89,Tremellomycetes,2,2,24.86,6.37,7.25,0
B52,EMM_F89,Tremellomycetes,2,2,31.78,6.37,7.44,0
B52,EMM_F89,Tremellomycetes,2,2,40.63,6.16,7.04,0
B52,EMM_F89,Tremellomycetes,2,2,47.75,5.93,7.04,0
B52,EMM_F89,Tremellomycetes,2,2,54.73,5.82,6.47,0
B52,EMM_F89,Tremellomycetes,3,2,0,6.33,6.4,0
B52,EMM_F89,Tremellomycetes,3,2,11.38,7.2,6.21,0
B52,EMM_F89,Tremellomycetes,3,2,17.4,5.86,5.71,0
B52,EMM_F89,Tremellomycetes,3,2,24.86,5.86,6.41,0
B52,EMM_F89,Tremellomycetes,3,2,31.78,6.02,6.2,0
B52,EMM_F89,Tremellomycetes,3,2,40.63,7.35,6.7,0
B52,EMM_F89,Tremellomycetes,3,2,47.75,7.35,6.22,0
B52,EMM_F89,Tremellomycetes,3,2,54.73,5.55,7.02,0
B52,EMM_F5,Cystobasidiomycetes,1,2,0,7.2,6.34,0
B52,EMM_F5,Cystobasidiomycetes,1,2,11.38,7.2,5.63,0
B52,EMM_F5,Cystobasidiomycetes,1,2,17.4,7.2,5.67,0
B52,EMM_F5,Cystobasidiomycetes,1,2,24.86,6.75,8.45,0
B52,EMM_F5,Cystobasidiomycetes,1,2,31.78,6.29,7.26,0
B52,EMM_F5,Cystobasidiomycetes,1,2,40.63,6.66,6.88,0
B52,EMM_F5,Cystobasidiomycetes,1,2,47.75,6.45,7.6,0
B52,EMM_F5,Cystobasidiomycetes,1,2,54.73,6.71,6.69,0
B52,EMM_F5,Cystobasidiomycetes,2,2,0,6.19,7.01,0
B52,EMM_F5,Cystobasidiomycetes,2,2,11.38,5.34,7.02,0
B52,EMM_F5,Cystobasidiomycetes,2,2,17.4,5.34,7.26,0
B52,EMM_F5,Cystobasidiomycetes,2,2,24.86,5.74,7.25,0
B52,EMM_F5,Cystobasidiomycetes,2,2,31.78,6,7.44,0
B52,EMM_F5,Cystobasidiomycetes,2,2,40.63,5.37,7.04,0
B52,EMM_F5,Cystobasidiomycetes,2,2,47.75,6.5,7.04,0
B52,EMM_F5,Cystobasidiomycetes,2,2,54.73,6.4,6.47,0
B52,EMM_F5,Cystobasidiomycetes,3,2,0,6.32,6.4,0
B52,EMM_F5,Cystobasidiomycetes,3,2,11.38,7.24,6.21,0
B52,EMM_F5,Cystobasidiomycetes,3,2,17.4,6.24,5.71,0
B52,EMM_F5,Cystobasidiomycetes,3,2,24.86,7.27,6.41,0
B52,EMM_F5,Cystobasidiomycetes,3,2,31.78,7.27,6.2,0
B52,EMM_F5,Cystobasidiomycetes,3,2,40.63,5.85,6.7,0
B52,EMM_F5,Cystobasidiomycetes,3,2,47.75,6.1,6.22,0
B52,EMM_F5,Cystobasidiomycetes,3,2,54.73,6.1,7.02,0
B52,EMM_F70,Cystobasidiomycetes,1,2,0,6.49,6.34,0
B52,EMM_F70,Cystobasidiomycetes,1,2,11.38,6.74,5.63,0
B52,EMM_F70,Cystobasidiomycetes,1,2,17.4,8.56,5.67,0
B52,EMM_F70,Cystobasidiomycetes,1,2,24.86,6.22,8.45,0
B52,EMM_F70,Cystobasidiomycetes,1,2,31.78,7.48,7.26,0
B52,EMM_F70,Cystobasidiomycetes,1,2,40.63,6.55,6.88,0
B52,EMM_F70,Cystobasidiomycetes,1,2,47.75,6.8,7.6,0
B52,EMM_F70,Cystobasidiomycetes,1,2,54.73,6.13,6.69,0
B52,EMM_F70,Cystobasidiomycetes,2,2,0,5.47,7.01,0
B52,EMM_F70,Cystobasidiomycetes,2,2,11.38,4.87,7.02,0
B52,EMM_F70,Cystobasidiomycetes,2,2,17.4,6.16,7.26,0
B52,EMM_F70,Cystobasidiomycetes,2,2,24.86,8.48,7.25,0
B52,EMM_F70,Cystobasidiomycetes,2,2,31.78,7.49,7.44,0
B52,EMM_F70,Cystobasidiomycetes,2,2,40.63,6.62,7.04,0
B52,EMM_F70,Cystobasidiomycetes,2,2,47.75,7.82,7.04,0
B52,EMM_F70,Cystobasidiomycetes,2,2,54.73,6.98,6.47,0
B52,EMM_F70,Cystobasidiomycetes,3,2,0,6.6,6.4,0
B52,EMM_F70,Cystobasidiomycetes,3,2,11.38,7.23,6.21,0
B52,EMM_F70,Cystobasidiomycetes,3,2,17.4,7.34,5.71,0
B52,EMM_F70,Cystobasidiomycetes,3,2,24.86,6.86,6.41,0
B52,EMM_F70,Cystobasidiomycetes,3,2,31.78,7.07,6.2,0
B52,EMM_F70,Cystobasidiomycetes,3,2,40.63,5.85,6.7,0
B52,EMM_F70,Cystobasidiomycetes,3,2,47.75,6.32,6.22,0
B52,EMM_F70,Cystobasidiomycetes,3,2,54.73,5.67,7.02,0
B52,Control,Control,1,2,0,6.34,6.34,0
B52,Control,Control,1,2,11.38,5.63,5.63,0
B52,Control,Control,1,2,17.4,5.67,5.67,0
B52,Control,Control,1,2,24.86,8.45,8.45,0
B52,Control,Control,1,2,31.78,7.26,7.26,0
B52,Control,Control,1,2,40.63,6.88,6.88,0
B52,Control,Control,1,2,47.75,7.6,7.6,0
B52,Control,Control,1,2,54.73,6.69,6.69,0
B52,Control,Control,2,2,0,7.01,7.01,0
B52,Control,Control,2,2,11.38,7.02,7.02,0
B52,Control,Control,2,2,17.4,7.26,7.26,0
B52,Control,Control,2,2,24.86,7.25,7.25,0
B52,Control,Control,2,2,31.78,7.44,7.44,0
B52,Control,Control,2,2,40.63,7.04,7.04,0
B52,Control,Control,2,2,47.75,7.04,7.04,0
B52,Control,Control,2,2,54.73,6.47,6.47,0
B52,Control,Control,3,2,0,6.4,6.4,0
B52,Control,Control,3,2,11.38,6.21,6.21,0
B52,Control,Control,3,2,17.4,5.71,5.71,0
B52,Control,Control,3,2,24.86,6.41,6.41,0
B52,Control,Control,3,2,31.78,6.2,6.2,0
B52,Control,Control,3,2,40.63,6.7,6.7,0
B52,Control,Control,3,2,47.75,6.22,6.22,0
B52,Control,Control,3,2,54.73,7.02,7.02,0
B52,EMM_F3,Dothideomycetes,1,4,0,7.16,7.72,0.95
B52,EMM_F3,Dothideomycetes,1,4,11.38,6.66,7.35,0.91
B52,EMM_F3,Dothideomycetes,1,4,17.4,6.66,7.35,0.91
B52,EMM_F3,Dothideomycetes,1,4,24.86,6.81,9.7,0.66
B52,EMM_F3,Dothideomycetes,1,4,31.78,6.29,7.97,0.9
B52,EMM_F3,Dothideomycetes,1,4,40.63,8.01,9.38,1.87
B52,EMM_F3,Dothideomycetes,1,4,47.75,6.9,9.38,0.51
B52,EMM_F3,Dothideomycetes,1,4,54.73,7.58,8.37,1.19
B52,EMM_F3,Dothideomycetes,2,4,0,7.24,8.31,0.91
B52,EMM_F3,Dothideomycetes,2,4,11.38,7.3,7.61,0.97
B52,EMM_F3,Dothideomycetes,2,4,17.4,6.75,8.41,0.75
B52,EMM_F3,Dothideomycetes,2,4,24.86,8.25,8.06,0.85
B52,EMM_F3,Dothideomycetes,2,4,31.78,6.59,8.61,1.42
B52,EMM_F3,Dothideomycetes,2,4,40.63,6.91,7.89,1.06
B52,EMM_F3,Dothideomycetes,2,4,47.75,7.12,7.93,0.86
B52,EMM_F3,Dothideomycetes,2,4,54.73,8.18,7.2,1.08
B52,EMM_F3,Dothideomycetes,2,4,0,7.81,7.48,0.51
B52,EMM_F3,Dothideomycetes,3,4,11.38,7.33,9.09,1.23
B52,EMM_F3,Dothideomycetes,3,4,17.4,7.58,8.6,0.8
B52,EMM_F3,Dothideomycetes,3,4,24.86,8.1,9.14,1.32
B52,EMM_F3,Dothideomycetes,3,4,31.78,7,9.2,0.84
B52,EMM_F3,Dothideomycetes,3,4,40.63,7,8.34,0.84
B52,EMM_F3,Dothideomycetes,3,4,47.75,6.25,8.34,0.81
B52,EMM_F3,Dothideomycetes,3,4,54.73,7.06,7.76,0.52
B52,EMM_F34,Dothideomycetes,1,4,0,6.44,7.72,0.46
B52,EMM_F34,Dothideomycetes,1,4,11.38,6.84,7.35,0.86
B52,EMM_F34,Dothideomycetes,1,4,17.4,6.74,7.35,1.05
B52,EMM_F34,Dothideomycetes,1,4,24.86,6.77,9.7,0.64
B52,EMM_F34,Dothideomycetes,1,4,31.78,7.73,7.97,1.29
B52,EMM_F34,Dothideomycetes,1,4,40.63,6.93,9.38,1.12
B52,EMM_F34,Dothideomycetes,1,4,47.75,7.47,9.38,1.39
B52,EMM_F34,Dothideomycetes,1,4,54.73,7.28,8.37,0.83
B52,EMM_F34,Dothideomycetes,2,4,0,8.72,8.31,2.03
B52,EMM_F34,Dothideomycetes,2,4,11.38,7.57,7.61,1.83
B52,EMM_F34,Dothideomycetes,2,4,17.4,6.87,8.41,1.13
B52,EMM_F34,Dothideomycetes,2,4,24.86,8.26,8.06,1.63
B52,EMM_F34,Dothideomycetes,2,4,31.78,7.76,8.61,1.96
B52,EMM_F34,Dothideomycetes,2,4,40.63,10,7.89,3.04
B52,EMM_F34,Dothideomycetes,2,4,47.75,8.59,7.93,2.15
B52,EMM_F34,Dothideomycetes,2,4,54.73,7.09,7.2,0.68
B52,EMM_F34,Dothideomycetes,3,4,0,9.19,7.48,2.07
B52,EMM_F34,Dothideomycetes,3,4,11.38,8.65,9.09,2.14
B52,EMM_F34,Dothideomycetes,3,4,17.4,7.3,8.6,1.14
B52,EMM_F34,Dothideomycetes,3,4,24.86,6.95,9.14,0.97
B52,EMM_F34,Dothideomycetes,3,4,31.78,6.94,9.2,0.96
B52,EMM_F34,Dothideomycetes,3,4,40.63,6.94,8.34,0.96
B52,EMM_F34,Dothideomycetes,3,4,47.75,6.94,8.34,0.96
B52,EMM_F34,Dothideomycetes,3,4,54.73,6.94,7.76,0.96
B52,EMM_F66,Cystobasidiomycetes,1,4,0,7.7,7.72,0.83
B52,EMM_F66,Cystobasidiomycetes,1,4,11.38,7.7,7.35,0.88
B52,EMM_F66,Cystobasidiomycetes,1,4,17.4,9.1,7.35,1.28
B52,EMM_F66,Cystobasidiomycetes,1,4,24.86,8.7,9.7,1.15
B52,EMM_F66,Cystobasidiomycetes,1,4,31.78,9.34,7.97,1.57
B52,EMM_F66,Cystobasidiomycetes,1,4,40.63,9.88,9.38,1.86
B52,EMM_F66,Cystobasidiomycetes,1,4,47.75,10,9.38,2.08
B52,EMM_F66,Cystobasidiomycetes,1,4,54.73,9.18,8.37,0.91
B52,EMM_F66,Cystobasidiomycetes,2,4,0,7.13,8.31,0.88
B52,EMM_F66,Cystobasidiomycetes,2,4,11.38,7.78,7.61,0.77
B52,EMM_F66,Cystobasidiomycetes,2,4,17.4,7.29,8.41,0.89
B52,EMM_F66,Cystobasidiomycetes,2,4,24.86,6.62,8.06,0.8
B52,EMM_F66,Cystobasidiomycetes,2,4,31.78,7.26,8.61,1.08
B52,EMM_F66,Cystobasidiomycetes,2,4,40.63,7.72,7.89,1.2
B52,EMM_F66,Cystobasidiomycetes,2,4,47.75,7.4,7.93,0.89
B52,EMM_F66,Cystobasidiomycetes,2,4,54.73,7.74,7.2,1.08
B52,EMM_F66,Cystobasidiomycetes,3,4,0,7.4,7.48,1.15
B52,EMM_F66,Cystobasidiomycetes,3,4,11.38,7.87,9.09,1.34
B52,EMM_F66,Cystobasidiomycetes,3,4,17.4,8.21,8.6,2.51
B52,EMM_F66,Cystobasidiomycetes,3,4,24.86,9.1,9.14,0.69
B52,EMM_F66,Cystobasidiomycetes,3,4,31.78,9.1,9.2,1.89
B52,EMM_F66,Cystobasidiomycetes,3,4,40.63,8.71,8.34,1.49
B52,EMM_F66,Cystobasidiomycetes,3,4,47.75,8.66,8.34,1.99
B52,EMM_F66,Cystobasidiomycetes,3,4,54.73,7.5,7.76,1.21
B52,F7,Tremellomycetes,1,4,0,7.09,7.72,1.48
B52,F7,Tremellomycetes,1,4,11.38,7.87,7.35,1.05
B52,F7,Tremellomycetes,1,4,17.4,7.46,7.35,1.35
B52,F7,Tremellomycetes,1,4,24.86,8.37,9.7,1.53
B52,F7,Tremellomycetes,1,4,31.78,8.32,7.97,2.17
B52,F7,Tremellomycetes,1,4,40.63,7.75,9.38,1.6
B52,F7,Tremellomycetes,1,4,47.75,8.04,9.38,1.57
B52,F7,Tremellomycetes,1,4,54.73,7.25,8.37,0.74
B52,F7,Tremellomycetes,2,4,0,7.24,8.31,1.54
B52,F7,Tremellomycetes,2,4,11.38,7.34,7.61,1.64
B52,F7,Tremellomycetes,2,4,17.4,7.3,8.41,1.6
B52,F7,Tremellomycetes,2,4,24.86,6.93,8.06,1.05
B52,F7,Tremellomycetes,2,4,31.78,6.55,8.61,1.14
B52,F7,Tremellomycetes,2,4,40.63,6.8,7.89,0.55
B52,F7,Tremellomycetes,2,4,47.75,6.37,7.93,1.04
B52,F7,Tremellomycetes,2,4,54.73,7.49,7.2,1.25
B52,F7,Tremellomycetes,3,4,0,na,7.48,na
B52,F7,Tremellomycetes,3,4,11.38,8.57,9.09,2.83
B52,F7,Tremellomycetes,3,4,17.4,7.89,8.6,2.12
B52,F7,Tremellomycetes,3,4,24.86,7.89,9.14,1.8
B52,F7,Tremellomycetes,3,4,31.78,8.73,9.2,1.81
B52,F7,Tremellomycetes,3,4,40.63,8.75,8.34,1.75
B52,F7,Tremellomycetes,3,4,47.75,7.02,8.34,1.27
B52,F7,Tremellomycetes,3,4,54.73,7.17,7.76,0.77
B52,ZAN_F3,Tremellomycetes,1,4,0,7.53,7.72,1.33
B52,ZAN_F3,Tremellomycetes,1,4,11.38,7.39,7.35,0.69
B52,ZAN_F3,Tremellomycetes,1,4,17.4,5.34,7.35,1.04
B52,ZAN_F3,Tremellomycetes,1,4,24.86,8.05,9.7,0.55
B52,ZAN_F3,Tremellomycetes,1,4,31.78,6.6,7.97,1.15
B52,ZAN_F3,Tremellomycetes,1,4,40.63,5.41,9.38,0.25
B52,ZAN_F3,Tremellomycetes,1,4,47.75,6.52,9.38,0.87
B52,ZAN_F3,Tremellomycetes,1,4,54.73,5.03,8.37,0.49
B52,ZAN_F3,Tremellomycetes,2,4,0,7.11,8.31,1.23
B52,ZAN_F3,Tremellomycetes,2,4,11.38,7.1,7.61,1.25
B52,ZAN_F3,Tremellomycetes,2,4,17.4,7.27,8.41,1.12
B52,ZAN_F3,Tremellomycetes,2,4,24.86,6.97,8.06,1.02
B52,ZAN_F3,Tremellomycetes,2,4,31.78,6.97,8.61,1.28
B52,ZAN_F3,Tremellomycetes,2,4,40.63,7.97,7.89,1.18
B52,ZAN_F3,Tremellomycetes,2,4,47.75,7.42,7.93,0.91
B52,ZAN_F3,Tremellomycetes,2,4,54.73,7.42,7.2,0.72
B52,ZAN_F3,Tremellomycetes,3,4,0,8.02,7.48,1.08
B52,ZAN_F3,Tremellomycetes,3,4,11.38,8.45,9.09,1.3
B52,ZAN_F3,Tremellomycetes,3,4,17.4,7.09,8.6,0.79
B52,ZAN_F3,Tremellomycetes,3,4,24.86,7.4,9.14,1.5
B52,ZAN_F3,Tremellomycetes,3,4,31.78,7.4,9.2,1.5
B52,ZAN_F3,Tremellomycetes,3,4,40.63,7.7,8.34,1.08
B52,ZAN_F3,Tremellomycetes,3,4,47.75,8.09,8.34,1.41
B52,ZAN_F3,Tremellomycetes,3,4,54.73,7.17,7.76,0.49
B52,EMM_F48,Tremellomycetes,1,4,0,6.83,7.72,1
B52,EMM_F48,Tremellomycetes,1,4,11.38,6.46,7.35,0.39
B52,EMM_F48,Tremellomycetes,1,4,17.4,6.96,7.35,0.75
B52,EMM_F48,Tremellomycetes,1,4,24.86,7.35,9.7,1.14
B52,EMM_F48,Tremellomycetes,1,4,31.78,6.49,7.97,0.7
B52,EMM_F48,Tremellomycetes,1,4,40.63,5.9,9.38,0.76
B52,EMM_F48,Tremellomycetes,1,4,47.75,7.11,9.38,1.18
B52,EMM_F48,Tremellomycetes,1,4,54.73,6.11,8.37,0.34
B52,EMM_F48,Tremellomycetes,2,4,0,6.87,8.31,0
B52,EMM_F48,Tremellomycetes,2,4,11.38,8.19,7.61,0.47
B52,EMM_F48,Tremellomycetes,2,4,17.4,10,8.41,0
B52,EMM_F48,Tremellomycetes,2,4,24.86,7.72,8.06,-0.28
B52,EMM_F48,Tremellomycetes,2,4,31.78,9.98,8.61,1.28
B52,EMM_F48,Tremellomycetes,2,4,40.63,7.86,7.89,0.63
B52,EMM_F48,Tremellomycetes,2,4,47.75,9.14,7.93,1.09
B52,EMM_F48,Tremellomycetes,2,4,54.73,7.68,7.2,0.62
B52,EMM_F48,Tremellomycetes,3,4,0,7.08,7.48,1.1
B52,EMM_F48,Tremellomycetes,3,4,11.38,8.2,9.09,1.67
B52,EMM_F48,Tremellomycetes,3,4,17.4,6.82,8.6,1.31
B52,EMM_F48,Tremellomycetes,3,4,24.86,6.82,9.14,1.19
B52,EMM_F48,Tremellomycetes,3,4,31.78,7.73,9.2,0.58
B52,EMM_F48,Tremellomycetes,3,4,40.63,6.91,8.34,0.32
B52,EMM_F48,Tremellomycetes,3,4,47.75,6.25,8.34,0.32
B52,EMM_F48,Tremellomycetes,3,4,54.73,5.8,7.76,0.33
B52,EMM_F63,Tremellomycetes,1,4,0,8.23,7.72,0.27
B52,EMM_F63,Tremellomycetes,1,4,11.38,8.08,7.35,0.78
B52,EMM_F63,Tremellomycetes,1,4,17.4,8.33,7.35,0.03
B52,EMM_F63,Tremellomycetes,1,4,24.86,8.58,9.7,0.92
B52,EMM_F63,Tremellomycetes,1,4,31.78,8.29,7.97,1.11
B52,EMM_F63,Tremellomycetes,1,4,40.63,8.32,9.38,0.66
B52,EMM_F63,Tremellomycetes,1,4,47.75,8.32,9.38,1.35
B52,EMM_F63,Tremellomycetes,1,4,54.73,7.64,8.37,0.83
B52,EMM_F63,Tremellomycetes,2,4,0,7.6,8.31,0.86
B52,EMM_F63,Tremellomycetes,2,4,11.38,7.6,7.61,0.3
B52,EMM_F63,Tremellomycetes,2,4,17.4,7.6,8.41,0.56
B52,EMM_F63,Tremellomycetes,2,4,24.86,7.6,8.06,1
B52,EMM_F63,Tremellomycetes,2,4,31.78,7.6,8.61,0.49
B52,EMM_F63,Tremellomycetes,2,4,40.63,6.51,7.89,0.62
B52,EMM_F63,Tremellomycetes,2,4,47.75,7.63,7.93,1.02
B52,EMM_F63,Tremellomycetes,2,4,54.73,6.27,7.2,0.83
B52,EMM_F63,Tremellomycetes,3,4,0,7.94,7.48,1.44
B52,EMM_F63,Tremellomycetes,3,4,11.38,6.49,9.09,1.33
B52,EMM_F63,Tremellomycetes,3,4,17.4,8.17,8.6,1.87
B52,EMM_F63,Tremellomycetes,3,4,24.86,7.55,9.14,1.24
B52,EMM_F63,Tremellomycetes,3,4,31.78,7.71,9.2,1.13
B52,EMM_F63,Tremellomycetes,3,4,40.63,6.63,8.34,0.56
B52,EMM_F63,Tremellomycetes,3,4,47.75,8.45,8.34,2.13
B52,EMM_F63,Tremellomycetes,3,4,54.73,8.76,7.76,1.41
B52,EMM_F64,Tremellomycetes,1,4,0,6.86,7.72,0.96
B52,EMM_F64,Tremellomycetes,1,4,11.38,9.02,7.35,2.8
B52,EMM_F64,Tremellomycetes,1,4,17.4,8.31,7.35,1.67
B52,EMM_F64,Tremellomycetes,1,4,24.86,7.22,9.7,1.12
B52,EMM_F64,Tremellomycetes,1,4,31.78,7.7,7.97,0.93
B52,EMM_F64,Tremellomycetes,1,4,40.63,6.98,9.38,0.67
B52,EMM_F64,Tremellomycetes,1,4,47.75,7.04,9.38,1.11
B52,EMM_F64,Tremellomycetes,1,4,54.73,6.15,8.37,0.65
B52,EMM_F64,Tremellomycetes,2,4,0,6.7,8.31,1.01
B52,EMM_F64,Tremellomycetes,2,4,11.38,7.7,7.61,2.01
B52,EMM_F64,Tremellomycetes,2,4,17.4,6.58,8.41,0.89
B52,EMM_F64,Tremellomycetes,2,4,24.86,7.81,8.06,1.13
B52,EMM_F64,Tremellomycetes,2,4,31.78,6.57,8.61,-0.11
B52,EMM_F64,Tremellomycetes,2,4,40.63,7.09,7.89,0.89
B52,EMM_F64,Tremellomycetes,2,4,47.75,7.09,7.93,0.9
B52,EMM_F64,Tremellomycetes,2,4,54.73,8.13,7.2,1.08
B52,EMM_F64,Tremellomycetes,3,4,0,8.13,7.48,1.7
B52,EMM_F64,Tremellomycetes,3,4,11.38,7.02,9.09,0.59
B52,EMM_F64,Tremellomycetes,3,4,17.4,7.83,8.6,0.78
B52,EMM_F64,Tremellomycetes,3,4,24.86,9.15,9.14,0.65
B52,EMM_F64,Tremellomycetes,3,4,31.78,7.5,9.2,0.52
B52,EMM_F64,Tremellomycetes,3,4,40.63,7.5,8.34,0.52
B52,EMM_F64,Tremellomycetes,3,4,47.75,7.5,8.34,0.52
B52,EMM_F64,Tremellomycetes,3,4,54.73,7.3,7.76,0.8
B52,EMM_F89,Tremellomycetes,1,4,0,6.95,7.72,1.75
B52,EMM_F89,Tremellomycetes,1,4,11.38,6.28,7.35,0.68
B52,EMM_F89,Tremellomycetes,1,4,17.4,8.56,7.35,0.86
B52,EMM_F89,Tremellomycetes,1,4,24.86,7.08,9.7,0.61
B52,EMM_F89,Tremellomycetes,1,4,31.78,7.74,7.97,1.27
B52,EMM_F89,Tremellomycetes,1,4,40.63,8.2,9.38,1.33
B52,EMM_F89,Tremellomycetes,1,4,47.75,7.9,9.38,1.05
B52,EMM_F89,Tremellomycetes,1,4,54.73,8.34,8.37,0.67
B52,EMM_F89,Tremellomycetes,2,4,0,6.75,8.31,0.2
B52,EMM_F89,Tremellomycetes,2,4,11.38,7.1,7.61,0.88
B52,EMM_F89,Tremellomycetes,2,4,17.4,7.04,8.41,0.67
B52,EMM_F89,Tremellomycetes,2,4,24.86,7.04,8.06,0.67
B52,EMM_F89,Tremellomycetes,2,4,31.78,6.5,8.61,0.13
B52,EMM_F89,Tremellomycetes,2,4,40.63,6.5,7.89,0.34
B52,EMM_F89,Tremellomycetes,2,4,47.75,6.75,7.93,0.82
B52,EMM_F89,Tremellomycetes,2,4,54.73,6.25,7.2,0.43
B52,EMM_F89,Tremellomycetes,3,4,0,7.83,7.48,1.5
B52,EMM_F89,Tremellomycetes,3,4,11.38,8.33,9.09,1.13
B52,EMM_F89,Tremellomycetes,3,4,17.4,7.3,8.6,1.44
B52,EMM_F89,Tremellomycetes,3,4,24.86,7.3,9.14,1.44
B52,EMM_F89,Tremellomycetes,3,4,31.78,7.7,9.2,1.68
B52,EMM_F89,Tremellomycetes,3,4,40.63,8.4,8.34,1.05
B52,EMM_F89,Tremellomycetes,3,4,47.75,8.26,8.34,0.91
B52,EMM_F89,Tremellomycetes,3,4,54.73,6.39,7.76,0.84
B52,EMM_F5,Cystobasidiomycetes,1,4,0,8.44,7.72,1.24
B52,EMM_F5,Cystobasidiomycetes,1,4,11.38,8.45,7.35,1.25
B52,EMM_F5,Cystobasidiomycetes,1,4,17.4,8.9,7.35,1.7
B52,EMM_F5,Cystobasidiomycetes,1,4,24.86,7.96,9.7,1.21
B52,EMM_F5,Cystobasidiomycetes,1,4,31.78,7.69,7.97,1.4
B52,EMM_F5,Cystobasidiomycetes,1,4,40.63,8.33,9.38,1.67
B52,EMM_F5,Cystobasidiomycetes,1,4,47.75,7.97,9.38,1.52
B52,EMM_F5,Cystobasidiomycetes,1,4,54.73,7.95,8.37,1.24
B52,EMM_F5,Cystobasidiomycetes,2,4,0,6.84,8.31,0.65
B52,EMM_F5,Cystobasidiomycetes,2,4,11.38,6.82,7.61,1.48
B52,EMM_F5,Cystobasidiomycetes,2,4,17.4,6.6,8.41,1.26
B52,EMM_F5,Cystobasidiomycetes,2,4,24.86,7.15,8.06,1.41
B52,EMM_F5,Cystobasidiomycetes,2,4,31.78,7.53,8.61,1.53
B52,EMM_F5,Cystobasidiomycetes,2,4,40.63,6.56,7.89,1.19
B52,EMM_F5,Cystobasidiomycetes,2,4,47.75,8.2,7.93,1.7
B52,EMM_F5,Cystobasidiomycetes,2,4,54.73,7.04,7.2,0.64
B52,EMM_F5,Cystobasidiomycetes,3,4,0,7.86,7.48,1.54
B52,EMM_F5,Cystobasidiomycetes,3,4,11.38,8.78,9.09,1.54
B52,EMM_F5,Cystobasidiomycetes,3,4,17.4,7.84,8.6,1.6
B52,EMM_F5,Cystobasidiomycetes,3,4,24.86,8.43,9.14,1.16
B52,EMM_F5,Cystobasidiomycetes,3,4,31.78,9.16,9.2,1.89
B52,EMM_F5,Cystobasidiomycetes,3,4,40.63,7.87,8.34,2.02
B52,EMM_F5,Cystobasidiomycetes,3,4,47.75,7.78,8.34,1.68
B52,EMM_F5,Cystobasidiomycetes,3,4,54.73,7.37,7.76,1.27
B52,EMM_F70,Cystobasidiomycetes,1,4,0,10,7.72,3.51
B52,EMM_F70,Cystobasidiomycetes,1,4,11.38,8,7.35,1.26
B52,EMM_F70,Cystobasidiomycetes,1,4,17.4,10.65,7.35,2.09
B52,EMM_F70,Cystobasidiomycetes,1,4,24.86,8.09,9.7,1.87
B52,EMM_F70,Cystobasidiomycetes,1,4,31.78,8.8,7.97,1.32
B52,EMM_F70,Cystobasidiomycetes,1,4,40.63,8.34,9.38,1.79
B52,EMM_F70,Cystobasidiomycetes,1,4,47.75,8.34,9.38,1.54
B52,EMM_F70,Cystobasidiomycetes,1,4,54.73,7.13,8.37,1
B52,EMM_F70,Cystobasidiomycetes,2,4,0,7.12,8.31,1.65
B52,EMM_F70,Cystobasidiomycetes,2,4,11.38,6.73,7.61,1.86
B52,EMM_F70,Cystobasidiomycetes,2,4,17.4,6.74,8.41,0.58
B52,EMM_F70,Cystobasidiomycetes,2,4,24.86,9.53,8.06,1.05
B52,EMM_F70,Cystobasidiomycetes,2,4,31.78,8.75,8.61,1.26
B52,EMM_F70,Cystobasidiomycetes,2,4,40.63,8.36,7.89,1.74
B52,EMM_F70,Cystobasidiomycetes,2,4,47.75,9.09,7.93,1.27
B52,EMM_F70,Cystobasidiomycetes,2,4,54.73,7.91,7.2,0.93
B52,EMM_F70,Cystobasidiomycetes,3,4,0,7.1,7.48,0.5
B52,EMM_F70,Cystobasidiomycetes,3,4,11.38,8.34,9.09,1.11
B52,EMM_F70,Cystobasidiomycetes,3,4,17.4,9,8.6,1.66
B52,EMM_F70,Cystobasidiomycetes,3,4,24.86,8.13,9.14,1.27
B52,EMM_F70,Cystobasidiomycetes,3,4,31.78,8.13,9.2,1.06
B52,EMM_F70,Cystobasidiomycetes,3,4,40.63,7,8.34,1.15
B52,EMM_F70,Cystobasidiomycetes,3,4,47.75,7.47,8.34,1.15
B52,EMM_F70,Cystobasidiomycetes,3,4,54.73,6.19,7.76,0.52
B52,Control,Control,1,4,0,7.72,7.72,1.38
B52,Control,Control,1,4,11.38,7.35,7.35,1.72
B52,Control,Control,1,4,17.4,7.35,7.35,1.68
B52,Control,Control,1,4,24.86,9.7,9.7,1.25
B52,Control,Control,1,4,31.78,7.97,7.97,0.71
B52,Control,Control,1,4,40.63,9.38,9.38,2.5
B52,Control,Control,1,4,47.75,9.38,9.38,1.78
B52,Control,Control,1,4,54.73,8.37,8.37,1.68
B52,Control,Control,2,4,0,8.31,8.31,1.3
B52,Control,Control,2,4,11.38,7.61,7.61,0.59
B52,Control,Control,2,4,17.4,8.41,8.41,1.15
B52,Control,Control,2,4,24.86,8.06,8.06,0.81
B52,Control,Control,2,4,31.78,8.61,8.61,1.17
B52,Control,Control,2,4,40.63,7.89,7.89,0.85
B52,Control,Control,2,4,47.75,7.93,7.93,0.89
B52,Control,Control,2,4,54.73,7.2,7.2,0.73
B52,Control,Control,3,4,0,7.48,7.48,1.08
B52,Control,Control,3,4,11.38,9.09,9.09,2.88
B52,Control,Control,3,4,17.4,8.6,8.6,2.89
B52,Control,Control,3,4,24.86,9.14,9.14,2.73
B52,Control,Control,3,4,31.78,9.2,9.2,3
B52,Control,Control,3,4,40.63,8.34,8.34,1.64
B52,Control,Control,3,4,47.75,8.34,8.34,2.12
B52,Control,Control,3,4,54.73,7.76,7.76,0.74
B52,EMM_F3,Dothideomycetes,1,6,0,8.37,8.95,2.16
B52,EMM_F3,Dothideomycetes,1,6,11.38,7.37,9.91,1.62
B52,EMM_F3,Dothideomycetes,1,6,17.4,8.12,10.1,2.37
B52,EMM_F3,Dothideomycetes,1,6,24.86,8.12,8.1,1.97
B52,EMM_F3,Dothideomycetes,1,6,31.78,7.77,10.42,2.38
B52,EMM_F3,Dothideomycetes,1,6,40.63,9.27,9.99,3.13
B52,EMM_F3,Dothideomycetes,1,6,47.75,8.2,9.53,1.81
B52,EMM_F3,Dothideomycetes,1,6,54.73,8.38,9.55,1.99
B52,EMM_F3,Dothideomycetes,2,6,0,7.94,8.45,1.61
B52,EMM_F3,Dothideomycetes,2,6,11.38,7.94,9.35,1.61
B52,EMM_F3,Dothideomycetes,2,6,17.4,7.33,9.35,1.33
B52,EMM_F3,Dothideomycetes,2,6,24.86,8.74,9.52,1.34
B52,EMM_F3,Dothideomycetes,2,6,31.78,7.43,9.43,2.26
B52,EMM_F3,Dothideomycetes,2,6,40.63,7.44,9.85,1.59
B52,EMM_F3,Dothideomycetes,2,6,47.75,7.94,8.91,1.68
B52,EMM_F3,Dothideomycetes,2,6,54.73,9.27,9.48,2.17
B52,EMM_F3,Dothideomycetes,2,6,0,9.62,7.83,2.32
B52,EMM_F3,Dothideomycetes,3,6,11.38,9.06,9.65,2.96
B52,EMM_F3,Dothideomycetes,3,6,17.4,8.68,8.3,1.9
B52,EMM_F3,Dothideomycetes,3,6,24.86,9,8.56,2.22
B52,EMM_F3,Dothideomycetes,3,6,31.78,8.65,9.05,2.49
B52,EMM_F3,Dothideomycetes,3,6,40.63,8.65,9.17,2.49
B52,EMM_F3,Dothideomycetes,3,6,47.75,7.76,9.24,2.32
B52,EMM_F3,Dothideomycetes,3,6,54.73,9.5,9.86,2.96
B52,EMM_F34,Dothideomycetes,1,6,0,6.93,8.95,0.95
B52,EMM_F34,Dothideomycetes,1,6,11.38,7.87,9.91,1.89
B52,EMM_F34,Dothideomycetes,1,6,17.4,7.62,10.1,1.93
B52,EMM_F34,Dothideomycetes,1,6,24.86,7.63,8.1,1.5
B52,EMM_F34,Dothideomycetes,1,6,31.78,8.64,10.42,2.2
B52,EMM_F34,Dothideomycetes,1,6,40.63,8.54,9.99,2.73
B52,EMM_F34,Dothideomycetes,1,6,47.75,8.49,9.53,2.41
B52,EMM_F34,Dothideomycetes,1,6,54.73,7.58,9.55,1.13
B52,EMM_F34,Dothideomycetes,2,6,0,9.69,8.45,3
B52,EMM_F34,Dothideomycetes,2,6,11.38,8.89,9.35,3.15
B52,EMM_F34,Dothideomycetes,2,6,17.4,7.79,9.35,2.05
B52,EMM_F34,Dothideomycetes,2,6,24.86,8.73,9.52,2.1
B52,EMM_F34,Dothideomycetes,2,6,31.78,9.02,9.43,3.22
B52,EMM_F34,Dothideomycetes,2,6,40.63,9.02,9.85,2.06
B52,EMM_F34,Dothideomycetes,2,6,47.75,9.02,8.91,2.58
B52,EMM_F34,Dothideomycetes,2,6,54.73,8.11,9.48,1.7
B52,EMM_F34,Dothideomycetes,3,6,0,10.38,7.83,3.26
B52,EMM_F34,Dothideomycetes,3,6,11.38,9.49,9.65,2.98
B52,EMM_F34,Dothideomycetes,3,6,17.4,9.49,8.3,3.33
B52,EMM_F34,Dothideomycetes,3,6,24.86,8.84,8.56,2.86
B52,EMM_F34,Dothideomycetes,3,6,31.78,8.24,9.05,2.26
B52,EMM_F34,Dothideomycetes,3,6,40.63,8.55,9.17,2.57
B52,EMM_F34,Dothideomycetes,3,6,47.75,8.79,9.24,2.81
B52,EMM_F34,Dothideomycetes,3,6,54.73,9.42,9.86,3.44
B52,EMM_F66,Cystobasidiomycetes,1,6,0,9.97,8.95,3.1
B52,EMM_F66,Cystobasidiomycetes,1,6,11.38,8.93,9.91,2.11
B52,EMM_F66,Cystobasidiomycetes,1,6,17.4,8.94,10.1,1.12
B52,EMM_F66,Cystobasidiomycetes,1,6,24.86,8.84,8.1,1.29
B52,EMM_F66,Cystobasidiomycetes,1,6,31.78,8.56,10.42,0.79
B52,EMM_F66,Cystobasidiomycetes,1,6,40.63,9.21,9.99,1.19
B52,EMM_F66,Cystobasidiomycetes,1,6,47.75,8.4,9.53,0.48
B52,EMM_F66,Cystobasidiomycetes,1,6,54.73,9.17,9.55,0.9
B52,EMM_F66,Cystobasidiomycetes,2,6,0,na,8.45,na
B52,EMM_F66,Cystobasidiomycetes,2,6,11.38,na,9.35,na
B52,EMM_F66,Cystobasidiomycetes,2,6,17.4,na,9.35,na
B52,EMM_F66,Cystobasidiomycetes,2,6,24.86,na,9.52,na
B52,EMM_F66,Cystobasidiomycetes,2,6,31.78,na,9.43,na
B52,EMM_F66,Cystobasidiomycetes,2,6,40.63,na,9.85,na
B52,EMM_F66,Cystobasidiomycetes,2,6,47.75,na,8.91,na
B52,EMM_F66,Cystobasidiomycetes,2,6,54.73,na,9.48,na
B52,EMM_F66,Cystobasidiomycetes,3,6,0,9.17,7.83,2.92
B52,EMM_F66,Cystobasidiomycetes,3,6,11.38,8.38,9.65,1.85
B52,EMM_F66,Cystobasidiomycetes,3,6,17.4,8.85,8.3,3.15
B52,EMM_F66,Cystobasidiomycetes,3,6,24.86,8.75,8.56,0.34
B52,EMM_F66,Cystobasidiomycetes,3,6,31.78,8.54,9.05,1.33
B52,EMM_F66,Cystobasidiomycetes,3,6,40.63,8.75,9.17,1.53
B52,EMM_F66,Cystobasidiomycetes,3,6,47.75,9.73,9.24,3.06
B52,EMM_F66,Cystobasidiomycetes,3,6,54.73,8.6,9.86,2.31
B52,F7,Tremellomycetes,1,6,0,8.04,8.95,2.43
B52,F7,Tremellomycetes,1,6,11.38,8.43,9.91,1.61
B52,F7,Tremellomycetes,1,6,17.4,8.43,10.1,2.32
B52,F7,Tremellomycetes,1,6,24.86,9.34,8.1,2.5
B52,F7,Tremellomycetes,1,6,31.78,8.91,10.42,2.76
B52,F7,Tremellomycetes,1,6,40.63,8.99,9.99,2.84
B52,F7,Tremellomycetes,1,6,47.75,8.43,9.53,1.96
B52,F7,Tremellomycetes,1,6,54.73,8.33,9.55,1.82
B52,F7,Tremellomycetes,2,6,0,7.85,8.45,2.15
B52,F7,Tremellomycetes,2,6,11.38,8.8,9.35,3.1
B52,F7,Tremellomycetes,2,6,17.4,8.41,9.35,2.71
B52,F7,Tremellomycetes,2,6,24.86,7.6,9.52,1.72
B52,F7,Tremellomycetes,2,6,31.78,8.67,9.43,3.26
B52,F7,Tremellomycetes,2,6,40.63,8.21,9.85,1.96
B52,F7,Tremellomycetes,2,6,47.75,8.21,8.91,2.88
B52,F7,Tremellomycetes,2,6,54.73,8.47,9.48,2.23
B52,F7,Tremellomycetes,3,6,0,na,7.83,na
B52,F7,Tremellomycetes,3,6,11.38,9.94,9.65,4.2
B52,F7,Tremellomycetes,3,6,17.4,9.33,8.3,3.56
B52,F7,Tremellomycetes,3,6,24.86,8.98,8.56,2.89
B52,F7,Tremellomycetes,3,6,31.78,9.14,9.05,2.22
B52,F7,Tremellomycetes,3,6,40.63,9.14,9.17,2.14
B52,F7,Tremellomycetes,3,6,47.75,7.58,9.24,1.83
B52,F7,Tremellomycetes,3,6,54.73,8.72,9.86,2.32
B52,ZAN_F3,Tremellomycetes,1,6,0,8.44,8.95,2.24
B52,ZAN_F3,Tremellomycetes,1,6,11.38,8.44,9.91,1.74
B52,ZAN_F3,Tremellomycetes,1,6,17.4,6.44,10.1,2.14
B52,ZAN_F3,Tremellomycetes,1,6,24.86,8.99,8.1,1.49
B52,ZAN_F3,Tremellomycetes,1,6,31.78,7.48,10.42,2.03
B52,ZAN_F3,Tremellomycetes,1,6,40.63,6.42,9.99,1.26
B52,ZAN_F3,Tremellomycetes,1,6,47.75,6.62,9.53,0.97
B52,ZAN_F3,Tremellomycetes,1,6,54.73,5.7,9.55,1.16
B52,ZAN_F3,Tremellomycetes,2,6,0,8.57,8.45,2.69
B52,ZAN_F3,Tremellomycetes,2,6,11.38,8.49,9.35,2.64
B52,ZAN_F3,Tremellomycetes,2,6,17.4,8.49,9.35,2.34
B52,ZAN_F3,Tremellomycetes,2,6,24.86,8.49,9.52,2.54
B52,ZAN_F3,Tremellomycetes,2,6,31.78,8.53,9.43,2.84
B52,ZAN_F3,Tremellomycetes,2,6,40.63,8.67,9.85,1.88
B52,ZAN_F3,Tremellomycetes,2,6,47.75,8.94,8.91,2.43
B52,ZAN_F3,Tremellomycetes,2,6,54.73,8.54,9.48,1.84
B52,ZAN_F3,Tremellomycetes,3,6,0,8.72,7.83,1.78
B52,ZAN_F3,Tremellomycetes,3,6,11.38,9.57,9.65,2.42
B52,ZAN_F3,Tremellomycetes,3,6,17.4,8.94,8.3,2.64
B52,ZAN_F3,Tremellomycetes,3,6,24.86,9.22,8.56,3.32
B52,ZAN_F3,Tremellomycetes,3,6,31.78,9.16,9.05,3.26
B52,ZAN_F3,Tremellomycetes,3,6,40.63,9.37,9.17,2.75
B52,ZAN_F3,Tremellomycetes,3,6,47.75,9.39,9.24,2.71
B52,ZAN_F3,Tremellomycetes,3,6,54.73,9.13,9.86,2.45
B52,EMM_F48,Tremellomycetes,1,6,0,7.65,8.95,1.82
B52,EMM_F48,Tremellomycetes,1,6,11.38,7.35,9.91,1.28
B52,EMM_F48,Tremellomycetes,1,6,17.4,7.35,10.1,1.14
B52,EMM_F48,Tremellomycetes,1,6,24.86,8,8.1,1.79
B52,EMM_F48,Tremellomycetes,1,6,31.78,8.6,10.42,2.81
B52,EMM_F48,Tremellomycetes,1,6,40.63,6.62,9.99,1.48
B52,EMM_F48,Tremellomycetes,1,6,47.75,7.34,9.53,1.41
B52,EMM_F48,Tremellomycetes,1,6,54.73,7.25,9.55,1.48
B52,EMM_F48,Tremellomycetes,2,6,0,7.8,8.45,0.93
B52,EMM_F48,Tremellomycetes,2,6,11.38,8,9.35,0.28
B52,EMM_F48,Tremellomycetes,2,6,17.4,9.69,9.35,-0.31
B52,EMM_F48,Tremellomycetes,2,6,24.86,7.08,9.52,-0.92
B52,EMM_F48,Tremellomycetes,2,6,31.78,10.12,9.43,1.42
B52,EMM_F48,Tremellomycetes,2,6,40.63,8.32,9.85,1.09
B52,EMM_F48,Tremellomycetes,2,6,47.75,9.55,8.91,1.5
B52,EMM_F48,Tremellomycetes,2,6,54.73,8.33,9.48,1.27
B52,EMM_F48,Tremellomycetes,3,6,0,9,7.83,3.02
B52,EMM_F48,Tremellomycetes,3,6,11.38,9.3,9.65,2.77
B52,EMM_F48,Tremellomycetes,3,6,17.4,7.96,8.3,2.45
B52,EMM_F48,Tremellomycetes,3,6,24.86,7.96,8.56,2.33
B52,EMM_F48,Tremellomycetes,3,6,31.78,7.96,9.05,0.81
B52,EMM_F48,Tremellomycetes,3,6,40.63,7.96,9.17,1.37
B52,EMM_F48,Tremellomycetes,3,6,47.75,7.31,9.24,1.38
B52,EMM_F48,Tremellomycetes,3,6,54.73,7.31,9.86,1.84
B52,EMM_F63,Tremellomycetes,1,6,0,9.47,8.95,1.51
B52,EMM_F63,Tremellomycetes,1,6,11.38,9.11,9.91,1.81
B52,EMM_F63,Tremellomycetes,1,6,17.4,9.11,10.1,0.81
B52,EMM_F63,Tremellomycetes,1,6,24.86,9.5,8.1,1.84
B52,EMM_F63,Tremellomycetes,1,6,31.78,9.5,10.42,2.32
B52,EMM_F63,Tremellomycetes,1,6,40.63,8.88,9.99,1.22
B52,EMM_F63,Tremellomycetes,1,6,47.75,9.27,9.53,2.3
B52,EMM_F63,Tremellomycetes,1,6,54.73,8.58,9.55,1.77
B52,EMM_F63,Tremellomycetes,2,6,0,9.01,8.45,2.27
B52,EMM_F63,Tremellomycetes,2,6,11.38,9.01,9.35,2.1
B52,EMM_F63,Tremellomycetes,2,6,17.4,9.01,9.35,1.97
B52,EMM_F63,Tremellomycetes,2,6,24.86,9.01,9.52,2.41
B52,EMM_F63,Tremellomycetes,2,6,31.78,9.01,9.43,1.9
B52,EMM_F63,Tremellomycetes,2,6,40.63,8.45,9.85,2.56
B52,EMM_F63,Tremellomycetes,2,6,47.75,9.37,8.91,2.76
B52,EMM_F63,Tremellomycetes,2,6,54.73,8.11,9.48,2.67
B52,EMM_F63,Tremellomycetes,3,6,0,9.84,7.83,3.34
B52,EMM_F63,Tremellomycetes,3,6,11.38,8.55,9.65,3.39
B52,EMM_F63,Tremellomycetes,3,6,17.4,9.8,8.3,3.5
B52,EMM_F63,Tremellomycetes,3,6,24.86,9.18,8.56,2.87
B52,EMM_F63,Tremellomycetes,3,6,31.78,9.18,9.05,2.6
B52,EMM_F63,Tremellomycetes,3,6,40.63,8.27,9.17,2.2
B52,EMM_F63,Tremellomycetes,3,6,47.75,9.5,9.24,3.18
B52,EMM_F63,Tremellomycetes,3,6,54.73,10.59,9.86,3.24
B52,EMM_F64,Tremellomycetes,1,6,0,9.16,8.95,3.26
B52,EMM_F64,Tremellomycetes,1,6,11.38,10.02,9.91,3.8
B52,EMM_F64,Tremellomycetes,1,6,17.4,9.97,10.1,3.33
B52,EMM_F64,Tremellomycetes,1,6,24.86,7.98,8.1,1.88
B52,EMM_F64,Tremellomycetes,1,6,31.78,8.58,10.42,1.81
B52,EMM_F64,Tremellomycetes,1,6,40.63,9.28,9.99,2.97
B52,EMM_F64,Tremellomycetes,1,6,47.75,9.5,9.53,3.57
B52,EMM_F64,Tremellomycetes,1,6,54.73,7.97,9.55,2.47
B52,EMM_F64,Tremellomycetes,2,6,0,8.4,8.45,2.71
B52,EMM_F64,Tremellomycetes,2,6,11.38,9.16,9.35,3.47
B52,EMM_F64,Tremellomycetes,2,6,17.4,7.8,9.35,2.11
B52,EMM_F64,Tremellomycetes,2,6,24.86,8.3,9.52,1.62
B52,EMM_F64,Tremellomycetes,2,6,31.78,8.59,9.43,1.91
B52,EMM_F64,Tremellomycetes,2,6,40.63,8.6,9.85,2.4
B52,EMM_F64,Tremellomycetes,2,6,47.75,8.7,8.91,2.51
B52,EMM_F64,Tremellomycetes,2,6,54.73,9.53,9.48,2.48
B52,EMM_F64,Tremellomycetes,3,6,0,11.05,7.83,4.62
B52,EMM_F64,Tremellomycetes,3,6,11.38,8.86,9.65,2.43
B52,EMM_F64,Tremellomycetes,3,6,17.4,9.48,8.3,2.43
B52,EMM_F64,Tremellomycetes,3,6,24.86,9.48,8.56,0.98
B52,EMM_F64,Tremellomycetes,3,6,31.78,8.36,9.05,1.38
B52,EMM_F64,Tremellomycetes,3,6,40.63,8.16,9.17,1.18
B52,EMM_F64,Tremellomycetes,3,6,47.75,8.84,9.24,1.86
B52,EMM_F64,Tremellomycetes,3,6,54.73,7.71,9.86,1.21
B52,EMM_F89,Tremellomycetes,1,6,0,8.14,8.95,2.94
B52,EMM_F89,Tremellomycetes,1,6,11.38,8.14,9.91,2.54
B52,EMM_F89,Tremellomycetes,1,6,17.4,9.05,10.1,1.35
B52,EMM_F89,Tremellomycetes,1,6,24.86,8.24,8.1,1.77
B52,EMM_F89,Tremellomycetes,1,6,31.78,10.05,10.42,3.58
B52,EMM_F89,Tremellomycetes,1,6,40.63,10.06,9.99,3.19
B52,EMM_F89,Tremellomycetes,1,6,47.75,9.68,9.53,2.83
B52,EMM_F89,Tremellomycetes,1,6,54.73,9.2,9.55,1.53
B52,EMM_F89,Tremellomycetes,2,6,0,7.05,8.45,0.5
B52,EMM_F89,Tremellomycetes,2,6,11.38,7.56,9.35,1.34
B52,EMM_F89,Tremellomycetes,2,6,17.4,7.56,9.35,1.19
B52,EMM_F89,Tremellomycetes,2,6,24.86,7.56,9.52,1.19
B52,EMM_F89,Tremellomycetes,2,6,31.78,7.56,9.43,1.19
B52,EMM_F89,Tremellomycetes,2,6,40.63,6.94,9.85,0.78
B52,EMM_F89,Tremellomycetes,2,6,47.75,7.31,8.91,1.38
B52,EMM_F89,Tremellomycetes,2,6,54.73,6.8,9.48,0.98
B52,EMM_F89,Tremellomycetes,3,6,0,7.26,7.83,0.93
B52,EMM_F89,Tremellomycetes,3,6,11.38,9.4,9.65,2.2
B52,EMM_F89,Tremellomycetes,3,6,17.4,8.74,8.3,2.88
B52,EMM_F89,Tremellomycetes,3,6,24.86,8.47,8.56,2.61
B52,EMM_F89,Tremellomycetes,3,6,31.78,9.32,9.05,3.3
B52,EMM_F89,Tremellomycetes,3,6,40.63,9.39,9.17,2.04
B52,EMM_F89,Tremellomycetes,3,6,47.75,9.37,9.24,2.02
B52,EMM_F89,Tremellomycetes,3,6,54.73,7.42,9.86,1.87
B52,EMM_F5,Cystobasidiomycetes,1,6,0,9.44,8.95,2.24
B52,EMM_F5,Cystobasidiomycetes,1,6,11.38,9.13,9.91,1.93
B52,EMM_F5,Cystobasidiomycetes,1,6,17.4,9.85,10.1,2.65
B52,EMM_F5,Cystobasidiomycetes,1,6,24.86,9.25,8.1,2.5
B52,EMM_F5,Cystobasidiomycetes,1,6,31.78,9.25,10.42,2.96
B52,EMM_F5,Cystobasidiomycetes,1,6,40.63,9.25,9.99,2.59
B52,EMM_F5,Cystobasidiomycetes,1,6,47.75,8.3,9.53,1.85
B52,EMM_F5,Cystobasidiomycetes,1,6,54.73,8.8,9.55,2.09
B52,EMM_F5,Cystobasidiomycetes,2,6,0,7.89,8.45,1.7
B52,EMM_F5,Cystobasidiomycetes,2,6,11.38,7.88,9.35,2.54
B52,EMM_F5,Cystobasidiomycetes,2,6,17.4,7.68,9.35,2.34
B52,EMM_F5,Cystobasidiomycetes,2,6,24.86,9.1,9.52,3.36
B52,EMM_F5,Cystobasidiomycetes,2,6,31.78,9.1,9.43,3.1
B52,EMM_F5,Cystobasidiomycetes,2,6,40.63,8.24,9.85,2.87
B52,EMM_F5,Cystobasidiomycetes,2,6,47.75,9.49,8.91,2.99
B52,EMM_F5,Cystobasidiomycetes,2,6,54.73,8.7,9.48,2.3
B52,EMM_F5,Cystobasidiomycetes,3,6,0,9.45,7.83,3.13
B52,EMM_F5,Cystobasidiomycetes,3,6,11.38,9.69,9.65,2.45
B52,EMM_F5,Cystobasidiomycetes,3,6,17.4,8.91,8.3,2.67
B52,EMM_F5,Cystobasidiomycetes,3,6,24.86,8.96,8.56,1.69
B52,EMM_F5,Cystobasidiomycetes,3,6,31.78,9.46,9.05,2.19
B52,EMM_F5,Cystobasidiomycetes,3,6,40.63,9.54,9.17,3.69
B52,EMM_F5,Cystobasidiomycetes,3,6,47.75,9.54,9.24,3.44
B52,EMM_F5,Cystobasidiomycetes,3,6,54.73,8.89,9.86,2.79
B52,EMM_F70,Cystobasidiomycetes,1,6,0,8.92,8.95,2.43
B52,EMM_F70,Cystobasidiomycetes,1,6,11.38,10.12,9.91,3.38
B52,EMM_F70,Cystobasidiomycetes,1,6,17.4,9.17,10.1,0.61
B52,EMM_F70,Cystobasidiomycetes,1,6,24.86,8.73,8.1,2.51
B52,EMM_F70,Cystobasidiomycetes,1,6,31.78,9.26,10.42,1.78
B52,EMM_F70,Cystobasidiomycetes,1,6,40.63,9.63,9.99,3.08
B52,EMM_F70,Cystobasidiomycetes,1,6,47.75,9.81,9.53,3.01
B52,EMM_F70,Cystobasidiomycetes,1,6,54.73,8.62,9.55,2.49
B52,EMM_F70,Cystobasidiomycetes,2,6,0,8.52,8.45,3.05
B52,EMM_F70,Cystobasidiomycetes,2,6,11.38,9.19,9.35,4.32
B52,EMM_F70,Cystobasidiomycetes,2,6,17.4,9.33,9.35,3.17
B52,EMM_F70,Cystobasidiomycetes,2,6,24.86,9.33,9.52,0.85
B52,EMM_F70,Cystobasidiomycetes,2,6,31.78,8.59,9.43,1.1
B52,EMM_F70,Cystobasidiomycetes,2,6,40.63,9.15,9.85,2.53
B52,EMM_F70,Cystobasidiomycetes,2,6,47.75,9.15,8.91,1.33
B52,EMM_F70,Cystobasidiomycetes,2,6,54.73,8,9.48,1.02
B52,EMM_F70,Cystobasidiomycetes,3,6,0,7.57,7.83,0.97
B52,EMM_F70,Cystobasidiomycetes,3,6,11.38,8.29,9.65,1.06
B52,EMM_F70,Cystobasidiomycetes,3,6,17.4,8.59,8.3,1.25
B52,EMM_F70,Cystobasidiomycetes,3,6,24.86,8.59,8.56,1.73
B52,EMM_F70,Cystobasidiomycetes,3,6,31.78,8.36,9.05,1.29
B52,EMM_F70,Cystobasidiomycetes,3,6,40.63,8.25,9.17,2.4
B52,EMM_F70,Cystobasidiomycetes,3,6,47.75,8.62,9.24,2.3
B52,EMM_F70,Cystobasidiomycetes,3,6,54.73,7.56,9.86,1.89
B52,Control,Control,1,6,0,8.95,8.95,2.61
B52,Control,Control,1,6,11.38,9.91,9.91,4.28
B52,Control,Control,1,6,17.4,10.1,10.1,4.43
B52,Control,Control,1,6,24.86,8.1,8.1,-0.35
B52,Control,Control,1,6,31.78,10.42,10.42,3.16
B52,Control,Control,1,6,40.63,9.99,9.99,3.11
B52,Control,Control,1,6,47.75,9.53,9.53,1.93
B52,Control,Control,1,6,54.73,9.55,9.55,2.86
B52,Control,Control,2,6,0,8.45,8.45,1.44
B52,Control,Control,2,6,11.38,9.35,9.35,2.33
B52,Control,Control,2,6,17.4,9.35,9.35,2.09
B52,Control,Control,2,6,24.86,9.52,9.52,2.27
B52,Control,Control,2,6,31.78,9.43,9.43,1.99
B52,Control,Control,2,6,40.63,9.85,9.85,2.81
B52,Control,Control,2,6,47.75,8.91,8.91,1.87
B52,Control,Control,2,6,54.73,9.48,9.48,3.01
B52,Control,Control,3,6,0,7.83,7.83,1.43
B52,Control,Control,3,6,11.38,9.65,9.65,3.44
B52,Control,Control,3,6,17.4,8.3,8.3,2.59
B52,Control,Control,3,6,24.86,8.56,8.56,2.15
B52,Control,Control,3,6,31.78,9.05,9.05,2.85
B52,Control,Control,3,6,40.63,9.17,9.17,2.47
B52,Control,Control,3,6,47.75,9.24,9.24,3.02
B52,Control,Control,3,6,54.73,9.86,9.86,2.84
B52,EMM_F3,Dothideomycetes,1,8,0,9.05,9.41,2.84
B52,EMM_F3,Dothideomycetes,1,8,11.38,7.86,10.1,2.11
B52,EMM_F3,Dothideomycetes,1,8,17.4,8.66,10.23,2.91
B52,EMM_F3,Dothideomycetes,1,8,24.86,8.66,9.35,2.51
B52,EMM_F3,Dothideomycetes,1,8,31.78,8.27,10.5,2.88
B52,EMM_F3,Dothideomycetes,1,8,40.63,9.73,10,3.59
B52,EMM_F3,Dothideomycetes,1,8,47.75,9.04,10,2.65
B52,EMM_F3,Dothideomycetes,1,8,54.73,9.9,10.44,3.51
B52,EMM_F3,Dothideomycetes,2,8,0,7.97,8.9,1.64
B52,EMM_F3,Dothideomycetes,2,8,11.38,7.97,9.5,1.64
B52,EMM_F3,Dothideomycetes,2,8,17.4,7.4,9.5,1.4
B52,EMM_F3,Dothideomycetes,2,8,24.86,9.11,9.54,1.71
B52,EMM_F3,Dothideomycetes,2,8,31.78,7.67,9.9,2.5
B52,EMM_F3,Dothideomycetes,2,8,40.63,7.88,9.92,2.03
B52,EMM_F3,Dothideomycetes,2,8,47.75,8.41,9.8,2.15
B52,EMM_F3,Dothideomycetes,2,8,54.73,9.42,10.4,2.32
B52,EMM_F3,Dothideomycetes,2,8,0,9.93,9.82,2.63
B52,EMM_F3,Dothideomycetes,3,8,11.38,9.93,10,3.83
B52,EMM_F3,Dothideomycetes,3,8,17.4,9.51,9.39,2.73
B52,EMM_F3,Dothideomycetes,3,8,24.86,9.51,9.78,2.73
B52,EMM_F3,Dothideomycetes,3,8,31.78,8.89,9.1,2.73
B52,EMM_F3,Dothideomycetes,3,8,40.63,9,9.2,2.84
B52,EMM_F3,Dothideomycetes,3,8,47.75,8.57,9.68,3.13
B52,EMM_F3,Dothideomycetes,3,8,54.73,9.95,9.87,3.41
B52,EMM_F34,Dothideomycetes,1,8,0,7.2,9.41,1.22
B52,EMM_F34,Dothideomycetes,1,8,11.38,7.87,10.1,1.89
B52,EMM_F34,Dothideomycetes,1,8,17.4,8.21,10.23,2.52
B52,EMM_F34,Dothideomycetes,1,8,24.86,7.81,9.35,1.68
B52,EMM_F34,Dothideomycetes,1,8,31.78,8.64,10.5,2.2
B52,EMM_F34,Dothideomycetes,1,8,40.63,8.54,10,2.73
B52,EMM_F34,Dothideomycetes,1,8,47.75,8.68,10,2.6
B52,EMM_F34,Dothideomycetes,1,8,54.73,8.7,10.44,2.25
B52,EMM_F34,Dothideomycetes,2,8,0,10.2,8.9,3.51
B52,EMM_F34,Dothideomycetes,2,8,11.38,9.08,9.5,3.34
B52,EMM_F34,Dothideomycetes,2,8,17.4,9.36,9.5,3.62
B52,EMM_F34,Dothideomycetes,2,8,24.86,9.66,9.54,3.03
B52,EMM_F34,Dothideomycetes,2,8,31.78,9.3,9.9,3.5
B52,EMM_F34,Dothideomycetes,2,8,40.63,10.03,9.92,3.07
B52,EMM_F34,Dothideomycetes,2,8,47.75,9.91,9.8,3.47
B52,EMM_F34,Dothideomycetes,2,8,54.73,8.24,10.4,1.83
B52,EMM_F34,Dothideomycetes,3,8,0,10.39,9.82,3.27
B52,EMM_F34,Dothideomycetes,3,8,11.38,9.56,10,3.05
B52,EMM_F34,Dothideomycetes,3,8,17.4,9.56,9.39,3.4
B52,EMM_F34,Dothideomycetes,3,8,24.86,8.99,9.78,3.01
B52,EMM_F34,Dothideomycetes,3,8,31.78,8.61,9.1,2.63
B52,EMM_F34,Dothideomycetes,3,8,40.63,9.6,9.2,3.62
B52,EMM_F34,Dothideomycetes,3,8,47.75,8.98,9.68,3
B52,EMM_F34,Dothideomycetes,3,8,54.73,9.96,9.87,3.98
B52,EMM_F66,Cystobasidiomycetes,1,8,0,10.4,9.41,3.53
B52,EMM_F66,Cystobasidiomycetes,1,8,11.38,9.34,10.1,2.52
B52,EMM_F66,Cystobasidiomycetes,1,8,17.4,9.77,10.23,1.95
B52,EMM_F66,Cystobasidiomycetes,1,8,24.86,9.7,9.35,2.15
B52,EMM_F66,Cystobasidiomycetes,1,8,31.78,9.66,10.5,1.89
B52,EMM_F66,Cystobasidiomycetes,1,8,40.63,9.56,10,1.54
B52,EMM_F66,Cystobasidiomycetes,1,8,47.75,9.77,10,1.85
B52,EMM_F66,Cystobasidiomycetes,1,8,54.73,10.8,10.44,2.53
B52,EMM_F66,Cystobasidiomycetes,2,8,0,na,8.9,na
B52,EMM_F66,Cystobasidiomycetes,2,8,11.38,na,9.5,na
B52,EMM_F66,Cystobasidiomycetes,2,8,17.4,na,9.5,na
B52,EMM_F66,Cystobasidiomycetes,2,8,24.86,na,9.54,na
B52,EMM_F66,Cystobasidiomycetes,2,8,31.78,na,9.9,na
B52,EMM_F66,Cystobasidiomycetes,2,8,40.63,na,9.92,na
B52,EMM_F66,Cystobasidiomycetes,2,8,47.75,na,9.8,na
B52,EMM_F66,Cystobasidiomycetes,2,8,54.73,na,10.4,na
B52,EMM_F66,Cystobasidiomycetes,3,8,0,10.14,9.82,3.89
B52,EMM_F66,Cystobasidiomycetes,3,8,11.38,9.13,10,2.6
B52,EMM_F66,Cystobasidiomycetes,3,8,17.4,9.8,9.39,4.1
B52,EMM_F66,Cystobasidiomycetes,3,8,24.86,8.75,9.78,0.34
B52,EMM_F66,Cystobasidiomycetes,3,8,31.78,9.22,9.1,2.01
B52,EMM_F66,Cystobasidiomycetes,3,8,40.63,9.42,9.2,2.2
B52,EMM_F66,Cystobasidiomycetes,3,8,47.75,9.9,9.68,3.23
B52,EMM_F66,Cystobasidiomycetes,3,8,54.73,11.2,9.87,4.91
B52,F7,Tremellomycetes,1,8,0,8.1,9.41,2.49
B52,F7,Tremellomycetes,1,8,11.38,9.1,10.1,2.28
B52,F7,Tremellomycetes,1,8,17.4,8.74,10.23,2.63
B52,F7,Tremellomycetes,1,8,24.86,9.52,9.35,2.68
B52,F7,Tremellomycetes,1,8,31.78,9.07,10.5,2.92
B52,F7,Tremellomycetes,1,8,40.63,9.25,10,3.1
B52,F7,Tremellomycetes,1,8,47.75,8.97,10,2.5
B52,F7,Tremellomycetes,1,8,54.73,8.84,10.44,2.33
B52,F7,Tremellomycetes,2,8,0,8.22,8.9,2.52
B52,F7,Tremellomycetes,2,8,11.38,8.81,9.5,3.11
B52,F7,Tremellomycetes,2,8,17.4,9.5,9.5,3.8
B52,F7,Tremellomycetes,2,8,24.86,9.12,9.54,3.24
B52,F7,Tremellomycetes,2,8,31.78,9.1,9.9,3.69
B52,F7,Tremellomycetes,2,8,40.63,8.93,9.92,2.68
B52,F7,Tremellomycetes,2,8,47.75,8.44,9.8,3.11
B52,F7,Tremellomycetes,2,8,54.73,9.02,10.4,2.78
B52,F7,Tremellomycetes,3,8,0,na,9.82,na
B52,F7,Tremellomycetes,3,8,11.38,10.36,10,4.62
B52,F7,Tremellomycetes,3,8,17.4,9.68,9.39,3.91
B52,F7,Tremellomycetes,3,8,24.86,9.37,9.78,3.28
B52,F7,Tremellomycetes,3,8,31.78,9.3,9.1,2.38
B52,F7,Tremellomycetes,3,8,40.63,9.23,9.2,2.23
B52,F7,Tremellomycetes,3,8,47.75,8.69,9.68,2.94
B52,F7,Tremellomycetes,3,8,54.73,8.87,9.87,2.47
B52,ZAN_F3,Tremellomycetes,1,8,0,8.58,9.41,2.38
B52,ZAN_F3,Tremellomycetes,1,8,11.38,8.95,10.1,2.25
B52,ZAN_F3,Tremellomycetes,1,8,17.4,6.9,10.23,2.6
B52,ZAN_F3,Tremellomycetes,1,8,24.86,9,9.35,1.5
B52,ZAN_F3,Tremellomycetes,1,8,31.78,7.77,10.5,2.32
B52,ZAN_F3,Tremellomycetes,1,8,40.63,7.17,10,2.01
B52,ZAN_F3,Tremellomycetes,1,8,47.75,7.55,10,1.9
B52,ZAN_F3,Tremellomycetes,1,8,54.73,6.19,10.44,1.65
B52,ZAN_F3,Tremellomycetes,2,8,0,9.1,8.9,3.22
B52,ZAN_F3,Tremellomycetes,2,8,11.38,9.02,9.5,3.17
B52,ZAN_F3,Tremellomycetes,2,8,17.4,9.24,9.5,3.09
B52,ZAN_F3,Tremellomycetes,2,8,24.86,8.67,9.54,2.72
B52,ZAN_F3,Tremellomycetes,2,8,31.78,8.64,9.9,2.95
B52,ZAN_F3,Tremellomycetes,2,8,40.63,8.81,9.92,2.02
B52,ZAN_F3,Tremellomycetes,2,8,47.75,9.7,9.8,3.19
B52,ZAN_F3,Tremellomycetes,2,8,54.73,8.65,10.4,1.95
B52,ZAN_F3,Tremellomycetes,3,8,0,8.82,9.82,1.88
B52,ZAN_F3,Tremellomycetes,3,8,11.38,9.61,10,2.46
B52,ZAN_F3,Tremellomycetes,3,8,17.4,8.94,9.39,2.64
B52,ZAN_F3,Tremellomycetes,3,8,24.86,9.42,9.78,3.52
B52,ZAN_F3,Tremellomycetes,3,8,31.78,9.2,9.1,3.3
B52,ZAN_F3,Tremellomycetes,3,8,40.63,9.66,9.2,3.04
B52,ZAN_F3,Tremellomycetes,3,8,47.75,9.47,9.68,2.79
B52,ZAN_F3,Tremellomycetes,3,8,54.73,9.3,9.87,2.62
B52,EMM_F48,Tremellomycetes,1,8,0,7.81,9.41,1.98
B52,EMM_F48,Tremellomycetes,1,8,11.38,7.81,10.1,1.74
B52,EMM_F48,Tremellomycetes,1,8,17.4,7.81,10.23,1.6
B52,EMM_F48,Tremellomycetes,1,8,24.86,8.12,9.35,1.91
B52,EMM_F48,Tremellomycetes,1,8,31.78,8.7,10.5,2.91
B52,EMM_F48,Tremellomycetes,1,8,40.63,6.67,10,1.53
B52,EMM_F48,Tremellomycetes,1,8,47.75,8.61,10,2.68
B52,EMM_F48,Tremellomycetes,1,8,54.73,7.58,10.44,1.81
B52,EMM_F48,Tremellomycetes,2,8,0,7.94,8.9,1.07
B52,EMM_F48,Tremellomycetes,2,8,11.38,8,9.5,0.28
B52,EMM_F48,Tremellomycetes,2,8,17.4,9.97,9.5,-0.03
B52,EMM_F48,Tremellomycetes,2,8,24.86,7.54,9.54,-0.46
B52,EMM_F48,Tremellomycetes,2,8,31.78,10.25,9.9,1.55
B52,EMM_F48,Tremellomycetes,2,8,40.63,8.84,9.92,1.61
B52,EMM_F48,Tremellomycetes,2,8,47.75,9.71,9.8,1.66
B52,EMM_F48,Tremellomycetes,2,8,54.73,8.78,10.4,1.72
B52,EMM_F48,Tremellomycetes,3,8,0,9.2,9.82,3.22
B52,EMM_F48,Tremellomycetes,3,8,11.38,9.45,10,2.92
B52,EMM_F48,Tremellomycetes,3,8,17.4,8.39,9.39,2.88
B52,EMM_F48,Tremellomycetes,3,8,24.86,8.23,9.78,2.6
B52,EMM_F48,Tremellomycetes,3,8,31.78,8.13,9.1,0.98
B52,EMM_F48,Tremellomycetes,3,8,40.63,8.32,9.2,1.73
B52,EMM_F48,Tremellomycetes,3,8,47.75,7.9,9.68,1.97
B52,EMM_F48,Tremellomycetes,3,8,54.73,7.9,9.87,2.43
B52,EMM_F63,Tremellomycetes,1,8,0,10.05,9.41,2.09
B52,EMM_F63,Tremellomycetes,1,8,11.38,9.5,10.1,2.2
B52,EMM_F63,Tremellomycetes,1,8,17.4,9.77,10.23,1.47
B52,EMM_F63,Tremellomycetes,1,8,24.86,9.61,9.35,1.95
B52,EMM_F63,Tremellomycetes,1,8,31.78,9.73,10.5,2.55
B52,EMM_F63,Tremellomycetes,1,8,40.63,8.9,10,1.24
B52,EMM_F63,Tremellomycetes,1,8,47.75,9.3,10,2.33
B52,EMM_F63,Tremellomycetes,1,8,54.73,8.67,10.44,1.86
B52,EMM_F63,Tremellomycetes,2,8,0,9.28,8.9,2.54
B52,EMM_F63,Tremellomycetes,2,8,11.38,9.56,9.5,2.65
B52,EMM_F63,Tremellomycetes,2,8,17.4,9.7,9.5,2.66
B52,EMM_F63,Tremellomycetes,2,8,24.86,9.7,9.54,3.1
B52,EMM_F63,Tremellomycetes,2,8,31.78,9.7,9.9,2.59
B52,EMM_F63,Tremellomycetes,2,8,40.63,8.7,9.92,2.81
B52,EMM_F63,Tremellomycetes,2,8,47.75,9.56,9.8,2.95
B52,EMM_F63,Tremellomycetes,2,8,54.73,8.31,10.4,2.87
B52,EMM_F63,Tremellomycetes,3,8,0,9.87,9.82,3.37
B52,EMM_F63,Tremellomycetes,3,8,11.38,8.56,10,3.4
B52,EMM_F63,Tremellomycetes,3,8,17.4,9.9,9.39,3.6
B52,EMM_F63,Tremellomycetes,3,8,24.86,9.2,9.78,2.89
B52,EMM_F63,Tremellomycetes,3,8,31.78,9.4,9.1,2.82
B52,EMM_F63,Tremellomycetes,3,8,40.63,8.43,9.2,2.36
B52,EMM_F63,Tremellomycetes,3,8,47.75,9.6,9.68,3.28
B52,EMM_F63,Tremellomycetes,3,8,54.73,10.72,9.87,3.37
B52,EMM_F64,Tremellomycetes,1,8,0,10.72,9.41,4.82
B52,EMM_F64,Tremellomycetes,1,8,11.38,10.16,10.1,3.94
B52,EMM_F64,Tremellomycetes,1,8,17.4,10.09,10.23,3.45
B52,EMM_F64,Tremellomycetes,1,8,24.86,9.17,9.35,3.07
B52,EMM_F64,Tremellomycetes,1,8,31.78,9.19,10.5,2.42
B52,EMM_F64,Tremellomycetes,1,8,40.63,9.29,10,2.98
B52,EMM_F64,Tremellomycetes,1,8,47.75,9.5,10,3.57
B52,EMM_F64,Tremellomycetes,1,8,54.73,7.98,10.44,2.48
B52,EMM_F64,Tremellomycetes,2,8,0,8.6,8.9,2.91
B52,EMM_F64,Tremellomycetes,2,8,11.38,9.27,9.5,3.58
B52,EMM_F64,Tremellomycetes,2,8,17.4,7.93,9.5,2.24
B52,EMM_F64,Tremellomycetes,2,8,24.86,8.51,9.54,1.83
B52,EMM_F64,Tremellomycetes,2,8,31.78,9,9.9,2.32
B52,EMM_F64,Tremellomycetes,2,8,40.63,9.2,9.92,3
B52,EMM_F64,Tremellomycetes,2,8,47.75,9.3,9.8,3.11
B52,EMM_F64,Tremellomycetes,2,8,54.73,9.6,10.4,2.55
B52,EMM_F64,Tremellomycetes,3,8,0,11.6,9.82,5.17
B52,EMM_F64,Tremellomycetes,3,8,11.38,9.2,10,2.77
B52,EMM_F64,Tremellomycetes,3,8,17.4,9.55,9.39,2.5
B52,EMM_F64,Tremellomycetes,3,8,24.86,9.55,9.78,1.05
B52,EMM_F64,Tremellomycetes,3,8,31.78,8.7,9.1,1.72
B52,EMM_F64,Tremellomycetes,3,8,40.63,8.19,9.2,1.21
B52,EMM_F64,Tremellomycetes,3,8,47.75,8.86,9.68,1.88
B52,EMM_F64,Tremellomycetes,3,8,54.73,8.8,9.87,2.3
B52,EMM_F89,Tremellomycetes,1,8,0,8.27,9.41,3.07
B52,EMM_F89,Tremellomycetes,1,8,11.38,8.3,10.1,2.7
B52,EMM_F89,Tremellomycetes,1,8,17.4,9.07,10.23,1.37
B52,EMM_F89,Tremellomycetes,1,8,24.86,8.95,9.35,2.48
B52,EMM_F89,Tremellomycetes,1,8,31.78,10.08,10.5,3.61
B52,EMM_F89,Tremellomycetes,1,8,40.63,10.3,10,3.43
B52,EMM_F89,Tremellomycetes,1,8,47.75,9.68,10,2.83
B52,EMM_F89,Tremellomycetes,1,8,54.73,9.31,10.44,1.64
B52,EMM_F89,Tremellomycetes,2,8,0,8.32,8.9,1.77
B52,EMM_F89,Tremellomycetes,2,8,11.38,7.99,9.5,1.77
B52,EMM_F89,Tremellomycetes,2,8,17.4,7.98,9.5,1.61
B52,EMM_F89,Tremellomycetes,2,8,24.86,7.99,9.54,1.62
B52,EMM_F89,Tremellomycetes,2,8,31.78,7.81,9.9,1.44
B52,EMM_F89,Tremellomycetes,2,8,40.63,7.41,9.92,1.25
B52,EMM_F89,Tremellomycetes,2,8,47.75,7.49,9.8,1.56
B52,EMM_F89,Tremellomycetes,2,8,54.73,6.94,10.4,1.12
B52,EMM_F89,Tremellomycetes,3,8,0,8,9.82,1.67
B52,EMM_F89,Tremellomycetes,3,8,11.38,10.1,10,2.9
B52,EMM_F89,Tremellomycetes,3,8,17.4,9.5,9.39,3.64
B52,EMM_F89,Tremellomycetes,3,8,24.86,8.94,9.78,3.08
B52,EMM_F89,Tremellomycetes,3,8,31.78,9.33,9.1,3.31
B52,EMM_F89,Tremellomycetes,3,8,40.63,9.68,9.2,2.33
B52,EMM_F89,Tremellomycetes,3,8,47.75,10.22,9.68,2.87
B52,EMM_F89,Tremellomycetes,3,8,54.73,9.06,9.87,3.51
B52,EMM_F5,Cystobasidiomycetes,1,8,0,10.14,9.41,2.94
B52,EMM_F5,Cystobasidiomycetes,1,8,11.38,9.5,10.1,2.3
B52,EMM_F5,Cystobasidiomycetes,1,8,17.4,9.89,10.23,2.69
B52,EMM_F5,Cystobasidiomycetes,1,8,24.86,9.25,9.35,2.5
B52,EMM_F5,Cystobasidiomycetes,1,8,31.78,9.25,10.5,2.96
B52,EMM_F5,Cystobasidiomycetes,1,8,40.63,9.34,10,2.68
B52,EMM_F5,Cystobasidiomycetes,1,8,47.75,9.86,10,3.41
B52,EMM_F5,Cystobasidiomycetes,1,8,54.73,9.07,10.44,2.36
B52,EMM_F5,Cystobasidiomycetes,2,8,0,8.37,8.9,2.18
B52,EMM_F5,Cystobasidiomycetes,2,8,11.38,7.88,9.5,2.54
B52,EMM_F5,Cystobasidiomycetes,2,8,17.4,8.72,9.5,3.38
B52,EMM_F5,Cystobasidiomycetes,2,8,24.86,9.2,9.54,3.46
B52,EMM_F5,Cystobasidiomycetes,2,8,31.78,9.2,9.9,3.2
B52,EMM_F5,Cystobasidiomycetes,2,8,40.63,8.82,9.92,3.45
B52,EMM_F5,Cystobasidiomycetes,2,8,47.75,9.56,9.8,3.06
B52,EMM_F5,Cystobasidiomycetes,2,8,54.73,na,10.4,na
B52,EMM_F5,Cystobasidiomycetes,3,8,0,10.79,9.82,4.47
B52,EMM_F5,Cystobasidiomycetes,3,8,11.38,9.88,10,2.64
B52,EMM_F5,Cystobasidiomycetes,3,8,17.4,9.35,9.39,3.11
B52,EMM_F5,Cystobasidiomycetes,3,8,24.86,9.53,9.78,2.26
B52,EMM_F5,Cystobasidiomycetes,3,8,31.78,9.8,9.1,2.53
B52,EMM_F5,Cystobasidiomycetes,3,8,40.63,10.1,9.2,4.25
B52,EMM_F5,Cystobasidiomycetes,3,8,47.75,9.9,9.68,3.8
B52,EMM_F5,Cystobasidiomycetes,3,8,54.73,9.4,9.87,3.3
B52,EMM_F70,Cystobasidiomycetes,1,8,0,11.25,9.41,4.76
B52,EMM_F70,Cystobasidiomycetes,1,8,11.38,11.15,10.1,4.41
B52,EMM_F70,Cystobasidiomycetes,1,8,17.4,9.75,10.23,1.19
B52,EMM_F70,Cystobasidiomycetes,1,8,24.86,10.17,9.35,3.95
B52,EMM_F70,Cystobasidiomycetes,1,8,31.78,9.94,10.5,2.46
B52,EMM_F70,Cystobasidiomycetes,1,8,40.63,10.05,10,3.5
B52,EMM_F70,Cystobasidiomycetes,1,8,47.75,9.99,10,3.19
B52,EMM_F70,Cystobasidiomycetes,1,8,54.73,9.92,10.44,3.79
B52,EMM_F70,Cystobasidiomycetes,2,8,0,9.89,8.9,4.42
B52,EMM_F70,Cystobasidiomycetes,2,8,11.38,9.3,9.5,4.43
B52,EMM_F70,Cystobasidiomycetes,2,8,17.4,9.39,9.5,3.23
B52,EMM_F70,Cystobasidiomycetes,2,8,24.86,9.66,9.54,1.18
B52,EMM_F70,Cystobasidiomycetes,2,8,31.78,8.84,9.9,1.35
B52,EMM_F70,Cystobasidiomycetes,2,8,40.63,9.54,9.92,2.92
B52,EMM_F70,Cystobasidiomycetes,2,8,47.75,9.55,9.8,1.73
B52,EMM_F70,Cystobasidiomycetes,2,8,54.73,9.44,10.4,2.46
B52,EMM_F70,Cystobasidiomycetes,3,8,0,7.85,9.82,1.25
B52,EMM_F70,Cystobasidiomycetes,3,8,11.38,9.05,10,1.82
B52,EMM_F70,Cystobasidiomycetes,3,8,17.4,8.7,9.39,1.36
B52,EMM_F70,Cystobasidiomycetes,3,8,24.86,9.49,9.78,2.63
B52,EMM_F70,Cystobasidiomycetes,3,8,31.78,9.26,9.1,2.19
B52,EMM_F70,Cystobasidiomycetes,3,8,40.63,9.1,9.2,3.25
B52,EMM_F70,Cystobasidiomycetes,3,8,47.75,9.54,9.68,3.22
B52,EMM_F70,Cystobasidiomycetes,3,8,54.73,8.4,9.87,2.73
B52,Control,Control,1,8,0,9.41,9.41,3.07
B52,Control,Control,1,8,11.38,10.1,10.1,4.47
B52,Control,Control,1,8,17.4,10.23,10.23,4.56
B52,Control,Control,1,8,24.86,9.35,9.35,0.9
B52,Control,Control,1,8,31.78,10.5,10.5,3.24
B52,Control,Control,1,8,40.63,10,10,3.12
B52,Control,Control,1,8,47.75,10,10,2.4
B52,Control,Control,1,8,54.73,10.44,10.44,3.75
B52,Control,Control,2,8,0,8.9,8.9,1.89
B52,Control,Control,2,8,11.38,9.5,9.5,2.48
B52,Control,Control,2,8,17.4,9.5,9.5,2.24
B52,Control,Control,2,8,24.86,9.54,9.54,2.29
B52,Control,Control,2,8,31.78,9.9,9.9,2.46
B52,Control,Control,2,8,40.63,9.92,9.92,2.88
B52,Control,Control,2,8,47.75,9.8,9.8,2.76
B52,Control,Control,2,8,54.73,10.4,10.4,3.93
B52,Control,Control,3,8,0,9.82,9.82,3.42
B52,Control,Control,3,8,11.38,10,10,3.79
B52,Control,Control,3,8,17.4,9.39,9.39,3.68
B52,Control,Control,3,8,24.86,9.78,9.78,3.37
B52,Control,Control,3,8,31.78,9.1,9.1,2.9
B52,Control,Control,3,8,40.63,9.2,9.2,2.5
B52,Control,Control,3,8,47.75,9.68,9.68,3.46
B52,Control,Control,3,8,54.73,9.87,9.87,2.85
B52,EMM_F47,Microbotryomycetes,1,2,0,7.11,6.64,0
B52,EMM_F47,Microbotryomycetes,1,2,11.38,6.77,7.15,0
B52,EMM_F47,Microbotryomycetes,1,2,17.4,7.37,7.16,0
B52,EMM_F47,Microbotryomycetes,1,2,24.86,6.95,6.53,0
B52,EMM_F47,Microbotryomycetes,1,2,31.78,8.14,6.35,0
B52,EMM_F47,Microbotryomycetes,1,2,40.63,7.17,6.35,0
B52,EMM_F47,Microbotryomycetes,1,2,47.75,7.17,6.35,0
B52,EMM_F47,Microbotryomycetes,1,2,54.73,7.41,6.35,0
B52,EMM_F47,Microbotryomycetes,2,2,0,7.06,6.32,0
B52,EMM_F47,Microbotryomycetes,2,2,11.38,7.36,6.32,0
B52,EMM_F47,Microbotryomycetes,2,2,17.4,7.82,6.73,0
B52,EMM_F47,Microbotryomycetes,2,2,24.86,7.27,6.81,0
B52,EMM_F47,Microbotryomycetes,2,2,31.78,7.65,6.62,0
B52,EMM_F47,Microbotryomycetes,2,2,40.63,7.65,6.62,0
B52,EMM_F47,Microbotryomycetes,2,2,47.75,7.66,6.9,0
B52,EMM_F47,Microbotryomycetes,2,2,54.73,7.5,6.57,0
B52,EMM_F47,Microbotryomycetes,3,2,0,5.86,6.78,0
B52,EMM_F47,Microbotryomycetes,3,2,11.38,7.23,6.41,0
B52,EMM_F47,Microbotryomycetes,3,2,17.4,7.24,6.41,0
B52,EMM_F47,Microbotryomycetes,3,2,24.86,7.35,5.94,0
B52,EMM_F47,Microbotryomycetes,3,2,31.78,7.45,6.23,0
B52,EMM_F47,Microbotryomycetes,3,2,40.63,7.57,6.24,0
B52,EMM_F47,Microbotryomycetes,3,2,47.75,8.03,6.24,0
B52,EMM_F47,Microbotryomycetes,3,2,54.73,7.73,6.24,0
B52,EMM_F49,Microbotryomycetes,1,2,0,7.63,6.64,0
B52,EMM_F49,Microbotryomycetes,1,2,11.38,7.63,7.15,0
B52,EMM_F49,Microbotryomycetes,1,2,17.4,7.63,7.16,0
B52,EMM_F49,Microbotryomycetes,1,2,24.86,7.35,6.53,0
B52,EMM_F49,Microbotryomycetes,1,2,31.78,7.55,6.35,0
B52,EMM_F49,Microbotryomycetes,1,2,40.63,8.02,6.35,0
B52,EMM_F49,Microbotryomycetes,1,2,47.75,7.57,6.35,0
B52,EMM_F49,Microbotryomycetes,1,2,54.73,7.57,6.35,0
B52,EMM_F49,Microbotryomycetes,2,2,0,6.75,6.32,0
B52,EMM_F49,Microbotryomycetes,2,2,11.38,8.05,6.32,0
B52,EMM_F49,Microbotryomycetes,2,2,17.4,7.33,6.73,0
B52,EMM_F49,Microbotryomycetes,2,2,24.86,7.33,6.81,0
B52,EMM_F49,Microbotryomycetes,2,2,31.78,7.33,6.62,0
B52,EMM_F49,Microbotryomycetes,2,2,40.63,6.49,6.62,0
B52,EMM_F49,Microbotryomycetes,2,2,47.75,7.39,6.9,0
B52,EMM_F49,Microbotryomycetes,2,2,54.73,7.39,6.57,0
B52,EMM_F49,Microbotryomycetes,3,2,0,7.61,6.78,0
B52,EMM_F49,Microbotryomycetes,3,2,11.38,7.8,6.41,0
B52,EMM_F49,Microbotryomycetes,3,2,17.4,7.81,6.41,0
B52,EMM_F49,Microbotryomycetes,3,2,24.86,7.81,5.94,0
B52,EMM_F49,Microbotryomycetes,3,2,31.78,7.81,6.23,0
B52,EMM_F49,Microbotryomycetes,3,2,40.63,7.88,6.24,0
B52,EMM_F49,Microbotryomycetes,3,2,47.75,7.89,6.24,0
B52,EMM_F49,Microbotryomycetes,3,2,54.73,7.9,6.24,0
B52,ZAN_F4,Microbotryomycetes,1,2,0,7.43,6.64,0
B52,ZAN_F4,Microbotryomycetes,1,2,11.38,7.61,7.15,0
B52,ZAN_F4,Microbotryomycetes,1,2,17.4,7.27,7.16,0
B52,ZAN_F4,Microbotryomycetes,1,2,24.86,7.27,6.53,0
B52,ZAN_F4,Microbotryomycetes,1,2,31.78,7.27,6.35,0
B52,ZAN_F4,Microbotryomycetes,1,2,40.63,7.27,6.35,0
B52,ZAN_F4,Microbotryomycetes,1,2,47.75,7.93,6.35,0
B52,ZAN_F4,Microbotryomycetes,1,2,54.73,7.78,6.35,0
B52,ZAN_F4,Microbotryomycetes,2,2,0,6.91,6.32,0
B52,ZAN_F4,Microbotryomycetes,2,2,11.38,7.03,6.32,0
B52,ZAN_F4,Microbotryomycetes,2,2,17.4,7.03,6.73,0
B52,ZAN_F4,Microbotryomycetes,2,2,24.86,6.66,6.81,0
B52,ZAN_F4,Microbotryomycetes,2,2,31.78,6.9,6.62,0
B52,ZAN_F4,Microbotryomycetes,2,2,40.63,7.09,6.62,0
B52,ZAN_F4,Microbotryomycetes,2,2,47.75,7.09,6.9,0
B52,ZAN_F4,Microbotryomycetes,2,2,54.73,7.09,6.57,0
B52,ZAN_F4,Microbotryomycetes,3,2,0,8.08,6.78,0
B52,ZAN_F4,Microbotryomycetes,3,2,11.38,8.08,6.41,0
B52,ZAN_F4,Microbotryomycetes,3,2,17.4,7.97,6.41,0
B52,ZAN_F4,Microbotryomycetes,3,2,24.86,7.98,5.94,0
B52,ZAN_F4,Microbotryomycetes,3,2,31.78,8.3,6.23,0
B52,ZAN_F4,Microbotryomycetes,3,2,40.63,8.3,6.24,0
B52,ZAN_F4,Microbotryomycetes,3,2,47.75,8.11,6.24,0
B52,ZAN_F4,Microbotryomycetes,3,2,54.73,8.21,6.24,0
B52,EMM_F65,Microbotryomycetes,1,2,0,7.92,6.64,0
B52,EMM_F65,Microbotryomycetes,1,2,11.38,7.47,7.15,0
B52,EMM_F65,Microbotryomycetes,1,2,17.4,7.98,7.16,0
B52,EMM_F65,Microbotryomycetes,1,2,24.86,8.05,6.53,0
B52,EMM_F65,Microbotryomycetes,1,2,31.78,7.87,6.35,0
B52,EMM_F65,Microbotryomycetes,1,2,40.63,7.67,6.35,0
B52,EMM_F65,Microbotryomycetes,1,2,47.75,7.67,6.35,0
B52,EMM_F65,Microbotryomycetes,1,2,54.73,8.2,6.35,0
B52,EMM_F65,Microbotryomycetes,2,2,0,6.73,6.32,0
B52,EMM_F65,Microbotryomycetes,2,2,11.38,6.73,6.32,0
B52,EMM_F65,Microbotryomycetes,2,2,17.4,7.11,6.73,0
B52,EMM_F65,Microbotryomycetes,2,2,24.86,7.12,6.81,0
B52,EMM_F65,Microbotryomycetes,2,2,31.78,7,6.62,0
B52,EMM_F65,Microbotryomycetes,2,2,40.63,6.84,6.62,0
B52,EMM_F65,Microbotryomycetes,2,2,47.75,6.9,6.9,0
B52,EMM_F65,Microbotryomycetes,2,2,54.73,6.38,6.57,0
B52,EMM_F65,Microbotryomycetes,3,2,0,6.46,6.78,0
B52,EMM_F65,Microbotryomycetes,3,2,11.38,6.46,6.41,0
B52,EMM_F65,Microbotryomycetes,3,2,17.4,7,6.41,0
B52,EMM_F65,Microbotryomycetes,3,2,24.86,8.2,5.94,0
B52,EMM_F65,Microbotryomycetes,3,2,31.78,5.57,6.23,0
B52,EMM_F65,Microbotryomycetes,3,2,40.63,7.11,6.24,0
B52,EMM_F65,Microbotryomycetes,3,2,47.75,6.9,6.24,0
B52,EMM_F65,Microbotryomycetes,3,2,54.73,6.49,6.24,0
B52,SP_F14,Dothideomycetes,1,2,0,6.89,6.64,0
B52,SP_F14,Dothideomycetes,1,2,11.38,6.95,7.15,0
B52,SP_F14,Dothideomycetes,1,2,17.4,5.92,7.16,0
B52,SP_F14,Dothideomycetes,1,2,24.86,7.17,6.53,0
B52,SP_F14,Dothideomycetes,1,2,31.78,7.28,6.35,0
B52,SP_F14,Dothideomycetes,1,2,40.63,5.99,6.35,0
B52,SP_F14,Dothideomycetes,1,2,47.75,6.64,6.35,0
B52,SP_F14,Dothideomycetes,1,2,54.73,7.18,6.35,0
B52,SP_F14,Dothideomycetes,2,2,0,6.78,6.32,0
B52,SP_F14,Dothideomycetes,2,2,11.38,7.01,6.32,0
B52,SP_F14,Dothideomycetes,2,2,17.4,7.11,6.73,0
B52,SP_F14,Dothideomycetes,2,2,24.86,7.12,6.81,0
B52,SP_F14,Dothideomycetes,2,2,31.78,6.63,6.62,0
B52,SP_F14,Dothideomycetes,2,2,40.63,6.83,6.62,0
B52,SP_F14,Dothideomycetes,2,2,47.75,7,6.9,0
B52,SP_F14,Dothideomycetes,2,2,54.73,7.33,6.57,0
B52,SP_F14,Dothideomycetes,3,2,0,0,6.78,0
B52,SP_F14,Dothideomycetes,3,2,11.38,5.04,6.41,0
B52,SP_F14,Dothideomycetes,3,2,17.4,6.37,6.41,0
B52,SP_F14,Dothideomycetes,3,2,24.86,6.3,5.94,0
B52,SP_F14,Dothideomycetes,3,2,31.78,6.3,6.23,0
B52,SP_F14,Dothideomycetes,3,2,40.63,5.7,6.24,0
B52,SP_F14,Dothideomycetes,3,2,47.75,6.01,6.24,0
B52,SP_F14,Dothideomycetes,3,2,54.73,6.34,6.24,0
B52,Control,Control,1,2,0,6.64,6.64,0
B52,Control,Control,1,2,11.38,7.15,7.15,0
B52,Control,Control,1,2,17.4,7.16,7.16,0
B52,Control,Control,1,2,24.86,6.53,6.53,0
B52,Control,Control,1,2,31.78,6.35,6.35,0
B52,Control,Control,1,2,40.63,6.35,6.35,0
B52,Control,Control,1,2,47.75,6.35,6.35,0
B52,Control,Control,1,2,54.73,6.35,6.35,0
B52,Control,Control,2,2,0,6.32,6.32,0
B52,Control,Control,2,2,11.38,6.32,6.32,0
B52,Control,Control,2,2,17.4,6.73,6.73,0
B52,Control,Control,2,2,24.86,6.81,6.81,0
B52,Control,Control,2,2,31.78,6.62,6.62,0
B52,Control,Control,2,2,40.63,6.62,6.62,0
B52,Control,Control,2,2,47.75,6.9,6.9,0
B52,Control,Control,2,2,54.73,6.57,6.57,0
B52,Control,Control,3,2,0,6.78,6.78,0
B52,Control,Control,3,2,11.38,6.41,6.41,0
B52,Control,Control,3,2,17.4,6.41,6.41,0
B52,Control,Control,3,2,24.86,5.94,5.94,0
B52,Control,Control,3,2,31.78,6.23,6.23,0
B52,Control,Control,3,2,40.63,6.24,6.24,0
B52,Control,Control,3,2,47.75,6.24,6.24,0
B52,Control,Control,3,2,54.73,6.24,6.24,0
B52,EMM_F47,Microbotryomycetes,1,4,0,7.35,8.84,0.24
B52,EMM_F47,Microbotryomycetes,1,4,11.38,7.8,8.85,1.03
B52,EMM_F47,Microbotryomycetes,1,4,17.4,7.74,9.22,0.37
B52,EMM_F47,Microbotryomycetes,1,4,24.86,7.94,9.18,0.99
B52,EMM_F47,Microbotryomycetes,1,4,31.78,8.15,8.92,0.01
B52,EMM_F47,Microbotryomycetes,1,4,40.63,7.95,9.33,0.78
B52,EMM_F47,Microbotryomycetes,1,4,47.75,7.97,8.88,0.8
B52,EMM_F47,Microbotryomycetes,1,4,54.73,7.99,8.77,0.58
B52,EMM_F47,Microbotryomycetes,2,4,0,7.17,8.31,0.11
B52,EMM_F47,Microbotryomycetes,2,4,11.38,7.58,8.31,0.22
B52,EMM_F47,Microbotryomycetes,2,4,17.4,8.26,8.31,0.44
B52,EMM_F47,Microbotryomycetes,2,4,24.86,8.44,8.92,1.17
B52,EMM_F47,Microbotryomycetes,2,4,31.78,8.44,8.26,0.79
B52,EMM_F47,Microbotryomycetes,2,4,40.63,8.11,8.26,0.46
B52,EMM_F47,Microbotryomycetes,2,4,47.75,8.11,7.22,0.45
B52,EMM_F47,Microbotryomycetes,2,4,54.73,7.39,8.41,-0.11
B52,EMM_F47,Microbotryomycetes,3,4,0,8.05,8.69,2.19
B52,EMM_F47,Microbotryomycetes,3,4,11.38,7.59,8.69,0.36
B52,EMM_F47,Microbotryomycetes,3,4,17.4,8.2,8.69,0.96
B52,EMM_F47,Microbotryomycetes,3,4,24.86,8.11,8.68,0.76
B52,EMM_F47,Microbotryomycetes,3,4,31.78,8.11,8.69,0.66
B52,EMM_F47,Microbotryomycetes,3,4,40.63,8.11,8.92,0.54
B52,EMM_F47,Microbotryomycetes,3,4,47.75,7.63,8.73,-0.4
B52,EMM_F47,Microbotryomycetes,3,4,54.73,8.32,8.19,0.59
B52,EMM_F49,Microbotryomycetes,1,4,0,7.85,8.84,0.22
B52,EMM_F49,Microbotryomycetes,1,4,11.38,9.18,8.85,1.55
B52,EMM_F49,Microbotryomycetes,1,4,17.4,8.98,9.22,1.35
B52,EMM_F49,Microbotryomycetes,1,4,24.86,8.8,9.18,1.45
B52,EMM_F49,Microbotryomycetes,1,4,31.78,7.56,8.92,0.01
B52,EMM_F49,Microbotryomycetes,1,4,40.63,8.12,9.33,0.1
B52,EMM_F49,Microbotryomycetes,1,4,47.75,8.73,8.88,1.16
B52,EMM_F49,Microbotryomycetes,1,4,54.73,8.14,8.77,0.57
B52,EMM_F49,Microbotryomycetes,2,4,0,7.61,8.31,0.86
B52,EMM_F49,Microbotryomycetes,2,4,11.38,8.37,8.31,0.32
B52,EMM_F49,Microbotryomycetes,2,4,17.4,8.69,8.31,1.36
B52,EMM_F49,Microbotryomycetes,2,4,24.86,8.78,8.92,1.45
B52,EMM_F49,Microbotryomycetes,2,4,31.78,8.22,8.26,0.89
B52,EMM_F49,Microbotryomycetes,2,4,40.63,8.97,8.26,2.48
B52,EMM_F49,Microbotryomycetes,2,4,47.75,8.98,7.22,1.59
B52,EMM_F49,Microbotryomycetes,2,4,54.73,9.07,8.41,1.68
B52,EMM_F49,Microbotryomycetes,3,4,0,7.05,8.69,-0.56
B52,EMM_F49,Microbotryomycetes,3,4,11.38,7.24,8.69,-0.56
B52,EMM_F49,Microbotryomycetes,3,4,17.4,7.49,8.69,-0.32
B52,EMM_F49,Microbotryomycetes,3,4,24.86,7.79,8.68,-0.02
B52,EMM_F49,Microbotryomycetes,3,4,31.78,8,8.69,0.19
B52,EMM_F49,Microbotryomycetes,3,4,40.63,8.02,8.92,0.14
B52,EMM_F49,Microbotryomycetes,3,4,47.75,8.31,8.73,0.42
B52,EMM_F49,Microbotryomycetes,3,4,54.73,7.36,8.19,-0.54
B52,ZAN_F4,Microbotryomycetes,1,4,0,7.34,8.84,-0.09
B52,ZAN_F4,Microbotryomycetes,1,4,11.38,8.52,8.85,0.91
B52,ZAN_F4,Microbotryomycetes,1,4,17.4,8.01,9.22,0.74
B52,ZAN_F4,Microbotryomycetes,1,4,24.86,8.26,9.18,0.99
B52,ZAN_F4,Microbotryomycetes,1,4,31.78,8.54,8.92,1.27
B52,ZAN_F4,Microbotryomycetes,1,4,40.63,8.56,9.33,1.29
B52,ZAN_F4,Microbotryomycetes,1,4,47.75,8.4,8.88,0.47
B52,ZAN_F4,Microbotryomycetes,1,4,54.73,8.37,8.77,0.59
B52,ZAN_F4,Microbotryomycetes,2,4,0,8.08,8.31,1.17
B52,ZAN_F4,Microbotryomycetes,2,4,11.38,9.02,8.31,1.99
B52,ZAN_F4,Microbotryomycetes,2,4,17.4,8.28,8.31,1.25
B52,ZAN_F4,Microbotryomycetes,2,4,24.86,8.28,8.92,1.62
B52,ZAN_F4,Microbotryomycetes,2,4,31.78,8.28,8.26,1.38
B52,ZAN_F4,Microbotryomycetes,2,4,40.63,8.28,8.26,1.19
B52,ZAN_F4,Microbotryomycetes,2,4,47.75,8.16,7.22,1.07
B52,ZAN_F4,Microbotryomycetes,2,4,54.73,8,8.41,0.91
B52,ZAN_F4,Microbotryomycetes,3,4,0,7.12,8.69,-0.96
B52,ZAN_F4,Microbotryomycetes,3,4,11.38,9.35,8.69,1.27
B52,ZAN_F4,Microbotryomycetes,3,4,17.4,8.92,8.69,0.95
B52,ZAN_F4,Microbotryomycetes,3,4,24.86,8.63,8.68,0.65
B52,ZAN_F4,Microbotryomycetes,3,4,31.78,8.53,8.69,0.23
B52,ZAN_F4,Microbotryomycetes,3,4,40.63,8.53,8.92,0.23
B52,ZAN_F4,Microbotryomycetes,3,4,47.75,8.41,8.73,0.3
B52,ZAN_F4,Microbotryomycetes,3,4,54.73,7.41,8.19,-0.8
B52,EMM_F65,Microbotryomycetes,1,4,0,8.39,8.84,0.47
B52,EMM_F65,Microbotryomycetes,1,4,11.38,8.8,8.85,1.33
B52,EMM_F65,Microbotryomycetes,1,4,17.4,7.66,9.22,-0.32
B52,EMM_F65,Microbotryomycetes,1,4,24.86,7.91,9.18,-0.14
B52,EMM_F65,Microbotryomycetes,1,4,31.78,7.94,8.92,0.07
B52,EMM_F65,Microbotryomycetes,1,4,40.63,8.31,9.33,0.64
B52,EMM_F65,Microbotryomycetes,1,4,47.75,7.74,8.88,0.07
B52,EMM_F65,Microbotryomycetes,1,4,54.73,8.37,8.77,0.17
B52,EMM_F65,Microbotryomycetes,2,4,0,8.57,8.31,1.84
B52,EMM_F65,Microbotryomycetes,2,4,11.38,8.54,8.31,1.81
B52,EMM_F65,Microbotryomycetes,2,4,17.4,8.94,8.31,1.83
B52,EMM_F65,Microbotryomycetes,2,4,24.86,8.95,8.92,1.83
B52,EMM_F65,Microbotryomycetes,2,4,31.78,8.26,8.26,1.26
B52,EMM_F65,Microbotryomycetes,2,4,40.63,5.85,8.26,-0.99
B52,EMM_F65,Microbotryomycetes,2,4,47.75,8.43,7.22,1.53
B52,EMM_F65,Microbotryomycetes,2,4,54.73,8.97,8.41,2.59
B52,EMM_F65,Microbotryomycetes,3,4,0,7.75,8.69,1.29
B52,EMM_F65,Microbotryomycetes,3,4,11.38,7.76,8.69,1.3
B52,EMM_F65,Microbotryomycetes,3,4,17.4,7.17,8.69,0.17
B52,EMM_F65,Microbotryomycetes,3,4,24.86,8.41,8.68,0.21
B52,EMM_F65,Microbotryomycetes,3,4,31.78,8.3,8.69,2.73
B52,EMM_F65,Microbotryomycetes,3,4,40.63,8.35,8.92,1.24
B52,EMM_F65,Microbotryomycetes,3,4,47.75,7.94,8.73,1.04
B52,EMM_F65,Microbotryomycetes,3,4,54.73,7.98,8.19,1.49
B52,SP_F14,Dothideomycetes,1,4,0,8.03,8.84,1.14
B52,SP_F14,Dothideomycetes,1,4,11.38,7.82,8.85,0.87
B52,SP_F14,Dothideomycetes,1,4,17.4,7.64,9.22,1.72
B52,SP_F14,Dothideomycetes,1,4,24.86,6.72,9.18,-0.45
B52,SP_F14,Dothideomycetes,1,4,31.78,8.29,8.92,1.01
B52,SP_F14,Dothideomycetes,1,4,40.63,7.49,9.33,1.5
B52,SP_F14,Dothideomycetes,1,4,47.75,6.94,8.88,0.3
B52,SP_F14,Dothideomycetes,1,4,54.73,7.24,8.77,0.06
B52,SP_F14,Dothideomycetes,2,4,0,4.56,8.31,-2.22
B52,SP_F14,Dothideomycetes,2,4,11.38,7.86,8.31,0.85
B52,SP_F14,Dothideomycetes,2,4,17.4,7.86,8.31,0.75
B52,SP_F14,Dothideomycetes,2,4,24.86,7.86,8.92,0.74
B52,SP_F14,Dothideomycetes,2,4,31.78,8.4,8.26,1.77
B52,SP_F14,Dothideomycetes,2,4,40.63,8.32,8.26,1.49
B52,SP_F14,Dothideomycetes,2,4,47.75,7.97,7.22,0.97
B52,SP_F14,Dothideomycetes,2,4,54.73,8.05,8.41,0.72
B52,SP_F14,Dothideomycetes,3,4,0,0,8.69,0
B52,SP_F14,Dothideomycetes,3,4,11.38,6.13,8.69,1.09
B52,SP_F14,Dothideomycetes,3,4,17.4,7.19,8.69,0.82
B52,SP_F14,Dothideomycetes,3,4,24.86,7.19,8.68,0.89
B52,SP_F14,Dothideomycetes,3,4,31.78,6.82,8.69,0.52
B52,SP_F14,Dothideomycetes,3,4,40.63,6.82,8.92,1.12
B52,SP_F14,Dothideomycetes,3,4,47.75,6.82,8.73,0.81
B52,SP_F14,Dothideomycetes,3,4,54.73,6.82,8.19,0.48
B52,Control,Control,1,4,0,8.84,8.84,2.2
B52,Control,Control,1,4,11.38,8.85,8.85,1.7
B52,Control,Control,1,4,17.4,9.22,9.22,2.06
B52,Control,Control,1,4,24.86,9.18,9.18,2.65
B52,Control,Control,1,4,31.78,8.92,8.92,2.57
B52,Control,Control,1,4,40.63,9.33,9.33,2.98
B52,Control,Control,1,4,47.75,8.88,8.88,2.53
B52,Control,Control,1,4,54.73,8.77,8.77,2.42
B52,Control,Control,2,4,0,8.31,8.31,1.99
B52,Control,Control,2,4,11.38,8.31,8.31,1.99
B52,Control,Control,2,4,17.4,8.31,8.31,1.58
B52,Control,Control,2,4,24.86,8.92,8.92,2.11
B52,Control,Control,2,4,31.78,8.26,8.26,1.64
B52,Control,Control,2,4,40.63,8.26,8.26,1.64
B52,Control,Control,2,4,47.75,7.22,7.22,0.32
B52,Control,Control,2,4,54.73,8.41,8.41,1.84
B52,Control,Control,3,4,0,8.69,8.69,1.91
B52,Control,Control,3,4,11.38,8.69,8.69,2.28
B52,Control,Control,3,4,17.4,8.69,8.69,2.28
B52,Control,Control,3,4,24.86,8.68,8.68,2.74
B52,Control,Control,3,4,31.78,8.69,8.69,2.46
B52,Control,Control,3,4,40.63,8.92,8.92,2.68
B52,Control,Control,3,4,47.75,8.73,8.73,2.49
B52,Control,Control,3,4,54.73,8.19,8.19,1.95
B52,EMM_F47,Microbotryomycetes,1,6,0,7.44,9.68,0.33
B52,EMM_F47,Microbotryomycetes,1,6,11.38,7.83,9.98,1.06
B52,EMM_F47,Microbotryomycetes,1,6,17.4,8.04,9.63,0.67
B52,EMM_F47,Microbotryomycetes,1,6,24.86,8.6,9.76,1.65
B52,EMM_F47,Microbotryomycetes,1,6,31.78,8.82,9.76,0.68
B52,EMM_F47,Microbotryomycetes,1,6,40.63,8.58,9.62,1.41
B52,EMM_F47,Microbotryomycetes,1,6,47.75,8.93,9.85,1.76
B52,EMM_F47,Microbotryomycetes,1,6,54.73,8.33,9.3,0.92
B52,EMM_F47,Microbotryomycetes,2,6,0,7.36,8.52,0.3
B52,EMM_F47,Microbotryomycetes,2,6,11.38,7.89,9.05,0.53
B52,EMM_F47,Microbotryomycetes,2,6,17.4,8.82,8.57,1
B52,EMM_F47,Microbotryomycetes,2,6,24.86,8.96,8.89,1.69
B52,EMM_F47,Microbotryomycetes,2,6,31.78,8.96,8.89,1.31
B52,EMM_F47,Microbotryomycetes,2,6,40.63,8.54,9.25,0.89
B52,EMM_F47,Microbotryomycetes,2,6,47.75,8.76,9.12,1.1
B52,EMM_F47,Microbotryomycetes,2,6,54.73,8.31,8.51,0.81
B52,EMM_F47,Microbotryomycetes,3,6,0,7.96,9.1,2.1
B52,EMM_F47,Microbotryomycetes,3,6,11.38,7.96,9.33,0.73
B52,EMM_F47,Microbotryomycetes,3,6,17.4,9.03,9.46,1.79
B52,EMM_F47,Microbotryomycetes,3,6,24.86,8.52,9.46,1.17
B52,EMM_F47,Microbotryomycetes,3,6,31.78,9.05,9.46,1.6
B52,EMM_F47,Microbotryomycetes,3,6,40.63,9.07,9.46,1.5
B52,EMM_F47,Microbotryomycetes,3,6,47.75,8.79,9.85,0.76
B52,EMM_F47,Microbotryomycetes,3,6,54.73,8.92,9.96,1.19
B52,EMM_F49,Microbotryomycetes,1,6,0,8.18,9.68,0.55
B52,EMM_F49,Microbotryomycetes,1,6,11.38,9.23,9.98,1.6
B52,EMM_F49,Microbotryomycetes,1,6,17.4,9.19,9.63,1.56
B52,EMM_F49,Microbotryomycetes,1,6,24.86,9.19,9.76,1.84
B52,EMM_F49,Microbotryomycetes,1,6,31.78,9.19,9.76,1.64
B52,EMM_F49,Microbotryomycetes,1,6,40.63,9.18,9.62,1.16
B52,EMM_F49,Microbotryomycetes,1,6,47.75,9.18,9.85,1.61
B52,EMM_F49,Microbotryomycetes,1,6,54.73,9.59,9.3,2.02
B52,EMM_F49,Microbotryomycetes,2,6,0,8.38,8.52,1.63
B52,EMM_F49,Microbotryomycetes,2,6,11.38,8.9,9.05,0.85
B52,EMM_F49,Microbotryomycetes,2,6,17.4,9.17,8.57,1.84
B52,EMM_F49,Microbotryomycetes,2,6,24.86,8.58,8.89,1.25
B52,EMM_F49,Microbotryomycetes,2,6,31.78,9.22,8.89,1.89
B52,EMM_F49,Microbotryomycetes,2,6,40.63,9.22,9.25,2.73
B52,EMM_F49,Microbotryomycetes,2,6,47.75,9.81,9.12,2.42
B52,EMM_F49,Microbotryomycetes,2,6,54.73,9.2,8.51,1.81
B52,EMM_F49,Microbotryomycetes,3,6,0,7.24,9.1,-0.37
B52,EMM_F49,Microbotryomycetes,3,6,11.38,8,9.33,0.2
B52,EMM_F49,Microbotryomycetes,3,6,17.4,8,9.46,0.19
B52,EMM_F49,Microbotryomycetes,3,6,24.86,8,9.46,0.19
B52,EMM_F49,Microbotryomycetes,3,6,31.78,8.21,9.46,0.4
B52,EMM_F49,Microbotryomycetes,3,6,40.63,8.7,9.46,0.82
B52,EMM_F49,Microbotryomycetes,3,6,47.75,8.7,9.85,0.81
B52,EMM_F49,Microbotryomycetes,3,6,54.73,8.07,9.96,0.17
B52,ZAN_F4,Microbotryomycetes,1,6,0,8.32,9.68,0.89
B52,ZAN_F4,Microbotryomycetes,1,6,11.38,9.04,9.98,1.43
B52,ZAN_F4,Microbotryomycetes,1,6,17.4,8.81,9.63,1.54
B52,ZAN_F4,Microbotryomycetes,1,6,24.86,8.81,9.76,1.54
B52,ZAN_F4,Microbotryomycetes,1,6,31.78,8.81,9.76,1.54
B52,ZAN_F4,Microbotryomycetes,1,6,40.63,8.82,9.62,1.55
B52,ZAN_F4,Microbotryomycetes,1,6,47.75,8.83,9.85,0.9
B52,ZAN_F4,Microbotryomycetes,1,6,54.73,8.83,9.3,1.05
B52,ZAN_F4,Microbotryomycetes,2,6,0,9.52,8.52,2.61
B52,ZAN_F4,Microbotryomycetes,2,6,11.38,9.12,9.05,2.09
B52,ZAN_F4,Microbotryomycetes,2,6,17.4,9.12,8.57,2.09
B52,ZAN_F4,Microbotryomycetes,2,6,24.86,9.12,8.89,2.46
B52,ZAN_F4,Microbotryomycetes,2,6,31.78,9.74,8.89,2.84
B52,ZAN_F4,Microbotryomycetes,2,6,40.63,9.51,9.25,2.42
B52,ZAN_F4,Microbotryomycetes,2,6,47.75,9.51,9.12,2.42
B52,ZAN_F4,Microbotryomycetes,2,6,54.73,9.51,8.51,2.42
B52,ZAN_F4,Microbotryomycetes,3,6,0,7.56,9.1,-0.52
B52,ZAN_F4,Microbotryomycetes,3,6,11.38,9.39,9.33,1.31
B52,ZAN_F4,Microbotryomycetes,3,6,17.4,9.12,9.46,1.15
B52,ZAN_F4,Microbotryomycetes,3,6,24.86,9.13,9.46,1.15
B52,ZAN_F4,Microbotryomycetes,3,6,31.78,9.13,9.46,0.83
B52,ZAN_F4,Microbotryomycetes,3,6,40.63,9.14,9.46,0.84
B52,ZAN_F4,Microbotryomycetes,3,6,47.75,9.14,9.85,1.03
B52,ZAN_F4,Microbotryomycetes,3,6,54.73,8.66,9.96,0.45
B52,EMM_F65,Microbotryomycetes,1,6,0,8.8,9.68,0.88
B52,EMM_F65,Microbotryomycetes,1,6,11.38,9.1,9.98,1.63
B52,EMM_F65,Microbotryomycetes,1,6,17.4,8.43,9.63,0.45
B52,EMM_F65,Microbotryomycetes,1,6,24.86,8.42,9.76,0.37
B52,EMM_F65,Microbotryomycetes,1,6,31.78,9.06,9.76,1.19
B52,EMM_F65,Microbotryomycetes,1,6,40.63,8.28,9.62,0.61
B52,EMM_F65,Microbotryomycetes,1,6,47.75,8.27,9.85,0.6
B52,EMM_F65,Microbotryomycetes,1,6,54.73,8.21,9.3,0.01
B52,EMM_F65,Microbotryomycetes,2,6,0,8.56,8.52,1.83
B52,EMM_F65,Microbotryomycetes,2,6,11.38,8.56,9.05,1.83
B52,EMM_F65,Microbotryomycetes,2,6,17.4,9.04,8.57,1.93
B52,EMM_F65,Microbotryomycetes,2,6,24.86,9.04,8.89,1.92
B52,EMM_F65,Microbotryomycetes,2,6,31.78,9.04,8.89,2.04
B52,EMM_F65,Microbotryomycetes,2,6,40.63,6.96,9.25,0.12
B52,EMM_F65,Microbotryomycetes,2,6,47.75,9.61,9.12,2.71
B52,EMM_F65,Microbotryomycetes,2,6,54.73,9.21,8.51,2.83
B52,EMM_F65,Microbotryomycetes,3,6,0,8.21,9.1,1.75
B52,EMM_F65,Microbotryomycetes,3,6,11.38,8.87,9.33,2.41
B52,EMM_F65,Microbotryomycetes,3,6,17.4,8.88,9.46,1.88
B52,EMM_F65,Microbotryomycetes,3,6,24.86,9.25,9.46,1.05
B52,EMM_F65,Microbotryomycetes,3,6,31.78,9.33,9.46,3.76
B52,EMM_F65,Microbotryomycetes,3,6,40.63,9.33,9.46,2.22
B52,EMM_F65,Microbotryomycetes,3,6,47.75,8.94,9.85,2.04
B52,EMM_F65,Microbotryomycetes,3,6,54.73,8.95,9.96,2.46
B52,SP_F14,Dothideomycetes,1,6,0,0,9.68,-6.89
B52,SP_F14,Dothideomycetes,1,6,11.38,8.47,9.98,1.52
B52,SP_F14,Dothideomycetes,1,6,17.4,8.12,9.63,2.2
B52,SP_F14,Dothideomycetes,1,6,24.86,7.49,9.76,0.32
B52,SP_F14,Dothideomycetes,1,6,31.78,8.34,9.76,1.06
B52,SP_F14,Dothideomycetes,1,6,40.63,8,9.62,2.01
B52,SP_F14,Dothideomycetes,1,6,47.75,7.5,9.85,0.86
B52,SP_F14,Dothideomycetes,1,6,54.73,7.71,9.3,0.53
B52,SP_F14,Dothideomycetes,2,6,0,2.34,8.52,-4.44
B52,SP_F14,Dothideomycetes,2,6,11.38,7.98,9.05,0.97
B52,SP_F14,Dothideomycetes,2,6,17.4,8.1,8.57,0.99
B52,SP_F14,Dothideomycetes,2,6,24.86,8.1,8.89,0.98
B52,SP_F14,Dothideomycetes,2,6,31.78,8.43,8.89,1.8
B52,SP_F14,Dothideomycetes,2,6,40.63,8.44,9.25,1.61
B52,SP_F14,Dothideomycetes,2,6,47.75,8.04,9.12,1.04
B52,SP_F14,Dothideomycetes,2,6,54.73,8.3,8.51,0.97
B52,SP_F14,Dothideomycetes,3,6,0,0,9.1,0
B52,SP_F14,Dothideomycetes,3,6,11.38,5.58,9.33,0.54
B52,SP_F14,Dothideomycetes,3,6,17.4,7.46,9.46,1.09
B52,SP_F14,Dothideomycetes,3,6,24.86,7.01,9.46,0.71
B52,SP_F14,Dothideomycetes,3,6,31.78,6.77,9.46,0.47
B52,SP_F14,Dothideomycetes,3,6,40.63,6.95,9.46,1.25
B52,SP_F14,Dothideomycetes,3,6,47.75,7.24,9.85,1.23
B52,SP_F14,Dothideomycetes,3,6,54.73,7.24,9.96,0.9
B52,Control,Control,1,6,0,9.68,9.68,3.04
B52,Control,Control,1,6,11.38,9.98,9.98,2.83
B52,Control,Control,1,6,17.4,9.63,9.63,2.47
B52,Control,Control,1,6,24.86,9.76,9.76,3.23
B52,Control,Control,1,6,31.78,9.76,9.76,3.41
B52,Control,Control,1,6,40.63,9.62,9.62,3.27
B52,Control,Control,1,6,47.75,9.85,9.85,3.5
B52,Control,Control,1,6,54.73,9.3,9.3,2.95
B52,Control,Control,2,6,0,8.52,8.52,2.2
B52,Control,Control,2,6,11.38,9.05,9.05,2.73
B52,Control,Control,2,6,17.4,8.57,8.57,1.84
B52,Control,Control,2,6,24.86,8.89,8.89,2.08
B52,Control,Control,2,6,31.78,8.89,8.89,2.27
B52,Control,Control,2,6,40.63,9.25,9.25,2.63
B52,Control,Control,2,6,47.75,9.12,9.12,2.22
B52,Control,Control,2,6,54.73,8.51,8.51,1.94
B52,Control,Control,3,6,0,9.1,9.1,2.32
B52,Control,Control,3,6,11.38,9.33,9.33,2.92
B52,Control,Control,3,6,17.4,9.46,9.46,3.05
B52,Control,Control,3,6,24.86,9.46,9.46,3.52
B52,Control,Control,3,6,31.78,9.46,9.46,3.23
B52,Control,Control,3,6,40.63,9.46,9.46,3.22
B52,Control,Control,3,6,47.75,9.85,9.85,3.61
B52,Control,Control,3,6,54.73,9.96,9.96,3.72
B52,EMM_F47,Microbotryomycetes,1,8,0,7,10.55,-0.11
B52,EMM_F47,Microbotryomycetes,1,8,11.38,8.04,10.12,1.27
B52,EMM_F47,Microbotryomycetes,1,8,17.4,8.58,9.98,1.21
B52,EMM_F47,Microbotryomycetes,1,8,24.86,8.98,9.83,2.03
B52,EMM_F47,Microbotryomycetes,1,8,31.78,8.99,9.83,0.85
B52,EMM_F47,Microbotryomycetes,1,8,40.63,8.99,9.83,1.82
B52,EMM_F47,Microbotryomycetes,1,8,47.75,8.99,10.05,1.82
B52,EMM_F47,Microbotryomycetes,1,8,54.73,8.57,10.05,1.16
B52,EMM_F47,Microbotryomycetes,2,8,0,7.41,9.05,0.35
B52,EMM_F47,Microbotryomycetes,2,8,11.38,8.14,9.18,0.78
B52,EMM_F47,Microbotryomycetes,2,8,17.4,9.2,9.18,1.38
B52,EMM_F47,Microbotryomycetes,2,8,24.86,9.2,9.37,1.93
B52,EMM_F47,Microbotryomycetes,2,8,31.78,9.21,9.25,1.56
B52,EMM_F47,Microbotryomycetes,2,8,40.63,9.21,9.32,1.56
B52,EMM_F47,Microbotryomycetes,2,8,47.75,9.21,9.54,1.55
B52,EMM_F47,Microbotryomycetes,2,8,54.73,8.58,9.54,1.08
B52,EMM_F47,Microbotryomycetes,3,8,0,8.69,9.52,2.83
B52,EMM_F47,Microbotryomycetes,3,8,11.38,8.42,9.82,1.19
B52,EMM_F47,Microbotryomycetes,3,8,17.4,9.44,9.5,2.2
B52,EMM_F47,Microbotryomycetes,3,8,24.86,9.19,9.69,1.84
B52,EMM_F47,Microbotryomycetes,3,8,31.78,9.19,10,1.74
B52,EMM_F47,Microbotryomycetes,3,8,40.63,9.19,10,1.62
B52,EMM_F47,Microbotryomycetes,3,8,47.75,9.19,10,1.16
B52,EMM_F47,Microbotryomycetes,3,8,54.73,9.19,10,1.46
B52,EMM_F49,Microbotryomycetes,1,8,0,7.27,10.55,-0.36
B52,EMM_F49,Microbotryomycetes,1,8,11.38,9.36,10.12,1.73
B52,EMM_F49,Microbotryomycetes,1,8,17.4,9.37,9.98,1.74
B52,EMM_F49,Microbotryomycetes,1,8,24.86,9.62,9.83,2.27
B52,EMM_F49,Microbotryomycetes,1,8,31.78,9.74,9.83,2.19
B52,EMM_F49,Microbotryomycetes,1,8,40.63,9.6,9.83,1.58
B52,EMM_F49,Microbotryomycetes,1,8,47.75,9.59,10.05,2.02
B52,EMM_F49,Microbotryomycetes,1,8,54.73,9.6,10.05,2.03
B52,EMM_F49,Microbotryomycetes,2,8,0,8.37,9.05,1.62
B52,EMM_F49,Microbotryomycetes,2,8,11.38,8.68,9.18,0.63
B52,EMM_F49,Microbotryomycetes,2,8,17.4,9.16,9.18,1.83
B52,EMM_F49,Microbotryomycetes,2,8,24.86,9.2,9.37,1.87
B52,EMM_F49,Microbotryomycetes,2,8,31.78,9.66,9.25,2.33
B52,EMM_F49,Microbotryomycetes,2,8,40.63,9.71,9.32,3.22
B52,EMM_F49,Microbotryomycetes,2,8,47.75,9.71,9.54,2.32
B52,EMM_F49,Microbotryomycetes,2,8,54.73,9.84,9.54,2.45
B52,EMM_F49,Microbotryomycetes,3,8,0,7.76,9.52,0.15
B52,EMM_F49,Microbotryomycetes,3,8,11.38,8.89,9.82,1.09
B52,EMM_F49,Microbotryomycetes,3,8,17.4,8.25,9.5,0.44
B52,EMM_F49,Microbotryomycetes,3,8,24.86,8.25,9.69,0.44
B52,EMM_F49,Microbotryomycetes,3,8,31.78,8.67,10,0.86
B52,EMM_F49,Microbotryomycetes,3,8,40.63,8.75,10,0.87
B52,EMM_F49,Microbotryomycetes,3,8,47.75,9.03,10,1.14
B52,EMM_F49,Microbotryomycetes,3,8,54.73,8.53,10,0.63
B52,ZAN_F4,Microbotryomycetes,1,8,0,8.53,10.55,1.1
B52,ZAN_F4,Microbotryomycetes,1,8,11.38,9.54,10.12,1.93
B52,ZAN_F4,Microbotryomycetes,1,8,17.4,9.26,9.98,1.99
B52,ZAN_F4,Microbotryomycetes,1,8,24.86,9.26,9.83,1.99
B52,ZAN_F4,Microbotryomycetes,1,8,31.78,9.26,9.83,1.99
B52,ZAN_F4,Microbotryomycetes,1,8,40.63,9.26,9.83,1.99
B52,ZAN_F4,Microbotryomycetes,1,8,47.75,9.27,10.05,1.34
B52,ZAN_F4,Microbotryomycetes,1,8,54.73,8.95,10.05,1.17
B52,ZAN_F4,Microbotryomycetes,2,8,0,9.56,9.05,2.65
B52,ZAN_F4,Microbotryomycetes,2,8,11.38,9.52,9.18,2.49
B52,ZAN_F4,Microbotryomycetes,2,8,17.4,9.52,9.18,2.49
B52,ZAN_F4,Microbotryomycetes,2,8,24.86,9.52,9.37,2.86
B52,ZAN_F4,Microbotryomycetes,2,8,31.78,9.52,9.25,2.62
B52,ZAN_F4,Microbotryomycetes,2,8,40.63,9.52,9.32,2.43
B52,ZAN_F4,Microbotryomycetes,2,8,47.75,9.52,9.54,2.43
B52,ZAN_F4,Microbotryomycetes,2,8,54.73,9.52,9.54,2.43
B52,ZAN_F4,Microbotryomycetes,3,8,0,7.99,9.52,-0.09
B52,ZAN_F4,Microbotryomycetes,3,8,11.38,9.45,9.82,1.37
B52,ZAN_F4,Microbotryomycetes,3,8,17.4,9.4,9.5,1.43
B52,ZAN_F4,Microbotryomycetes,3,8,24.86,9.4,9.69,1.42
B52,ZAN_F4,Microbotryomycetes,3,8,31.78,9.4,10,1.1
B52,ZAN_F4,Microbotryomycetes,3,8,40.63,9.4,10,1.1
B52,ZAN_F4,Microbotryomycetes,3,8,47.75,9.04,10,0.93
B52,ZAN_F4,Microbotryomycetes,3,8,54.73,8.28,10,0.07
B52,EMM_F65,Microbotryomycetes,1,8,0,9.57,10.55,1.65
B52,EMM_F65,Microbotryomycetes,1,8,11.38,9.57,10.12,2.1
B52,EMM_F65,Microbotryomycetes,1,8,17.4,9.01,9.98,1.03
B52,EMM_F65,Microbotryomycetes,1,8,24.86,9.01,9.83,0.96
B52,EMM_F65,Microbotryomycetes,1,8,31.78,9.65,9.83,1.78
B52,EMM_F65,Microbotryomycetes,1,8,40.63,9.1,9.83,1.43
B52,EMM_F65,Microbotryomycetes,1,8,47.75,8.73,10.05,1.06
B52,EMM_F65,Microbotryomycetes,1,8,54.73,8.94,10.05,0.74
B52,EMM_F65,Microbotryomycetes,2,8,0,9.23,9.05,2.5
B52,EMM_F65,Microbotryomycetes,2,8,11.38,9.52,9.18,2.79
B52,EMM_F65,Microbotryomycetes,2,8,17.4,9.93,9.18,2.82
B52,EMM_F65,Microbotryomycetes,2,8,24.86,10.1,9.37,2.98
B52,EMM_F65,Microbotryomycetes,2,8,31.78,9.63,9.25,2.63
B52,EMM_F65,Microbotryomycetes,2,8,40.63,7.65,9.32,0.81
B52,EMM_F65,Microbotryomycetes,2,8,47.75,10.08,9.54,3.18
B52,EMM_F65,Microbotryomycetes,2,8,54.73,9.63,9.54,3.25
B52,EMM_F65,Microbotryomycetes,3,8,0,8.7,9.52,2.24
B52,EMM_F65,Microbotryomycetes,3,8,11.38,9.25,9.82,2.79
B52,EMM_F65,Microbotryomycetes,3,8,17.4,9.08,9.5,2.08
B52,EMM_F65,Microbotryomycetes,3,8,24.86,9.33,9.69,1.13
B52,EMM_F65,Microbotryomycetes,3,8,31.78,9.36,10,3.79
B52,EMM_F65,Microbotryomycetes,3,8,40.63,9.37,10,2.26
B52,EMM_F65,Microbotryomycetes,3,8,47.75,9.24,10,2.34
B52,EMM_F65,Microbotryomycetes,3,8,54.73,9,10,2.51
B52,SP_F14,Dothideomycetes,1,8,0,0,10.55,-6.89
B52,SP_F14,Dothideomycetes,1,8,11.38,8.3,10.12,1.35
B52,SP_F14,Dothideomycetes,1,8,17.4,8.56,9.98,2.64
B52,SP_F14,Dothideomycetes,1,8,24.86,8.57,9.83,1.4
B52,SP_F14,Dothideomycetes,1,8,31.78,8.57,9.83,1.29
B52,SP_F14,Dothideomycetes,1,8,40.63,8.57,9.83,2.58
B52,SP_F14,Dothideomycetes,1,8,47.75,8.58,10.05,1.94
B52,SP_F14,Dothideomycetes,1,8,54.73,8.46,10.05,1.28
B52,SP_F14,Dothideomycetes,2,8,0,2.91,9.05,-3.87
B52,SP_F14,Dothideomycetes,2,8,11.38,8.09,9.18,1.08
B52,SP_F14,Dothideomycetes,2,8,17.4,8.31,9.18,1.2
B52,SP_F14,Dothideomycetes,2,8,24.86,8.4,9.37,1.28
B52,SP_F14,Dothideomycetes,2,8,31.78,8.68,9.25,2.05
B52,SP_F14,Dothideomycetes,2,8,40.63,8.73,9.32,1.9
B52,SP_F14,Dothideomycetes,2,8,47.75,8.73,9.54,1.73
B52,SP_F14,Dothideomycetes,2,8,54.73,9.13,9.54,1.8
B52,SP_F14,Dothideomycetes,3,8,0,0,9.52,0
B52,SP_F14,Dothideomycetes,3,8,11.38,5.42,9.82,0.38
B52,SP_F14,Dothideomycetes,3,8,17.4,7.65,9.5,1.28
B52,SP_F14,Dothideomycetes,3,8,24.86,7.65,9.69,1.35
B52,SP_F14,Dothideomycetes,3,8,31.78,7.66,10,1.36
B52,SP_F14,Dothideomycetes,3,8,40.63,7.66,10,1.96
B52,SP_F14,Dothideomycetes,3,8,47.75,7.66,10,1.65
B52,SP_F14,Dothideomycetes,3,8,54.73,7.66,10,1.32
B52,Control,Control,1,8,0,10.55,10.55,3.91
B52,Control,Control,1,8,11.38,10.12,10.12,2.97
B52,Control,Control,1,8,17.4,9.98,9.98,2.82
B52,Control,Control,1,8,24.86,9.83,9.83,3.3
B52,Control,Control,1,8,31.78,9.83,9.83,3.48
B52,Control,Control,1,8,40.63,9.83,9.83,3.48
B52,Control,Control,1,8,47.75,10.05,10.05,3.7
B52,Control,Control,1,8,54.73,10.05,10.05,3.7
B52,Control,Control,2,8,0,9.05,9.05,2.73
B52,Control,Control,2,8,11.38,9.18,9.18,2.86
B52,Control,Control,2,8,17.4,9.18,9.18,2.45
B52,Control,Control,2,8,24.86,9.37,9.37,2.56
B52,Control,Control,2,8,31.78,9.25,9.25,2.63
B52,Control,Control,2,8,40.63,9.32,9.32,2.7
B52,Control,Control,2,8,47.75,9.54,9.54,2.64
B52,Control,Control,2,8,54.73,9.54,9.54,2.97
B52,Control,Control,3,8,0,9.52,9.52,2.74
B52,Control,Control,3,8,11.38,9.82,9.82,3.41
B52,Control,Control,3,8,17.4,9.5,9.5,3.09
B52,Control,Control,3,8,24.86,9.69,9.69,3.75
B52,Control,Control,3,8,31.78,10,10,3.77
B52,Control,Control,3,8,40.63,10,10,3.76
B52,Control,Control,3,8,47.75,10,10,3.76
B52,Control,Control,3,8,54.73,10,10,3.76
